word,pos,cefr_level_avg,cefr_level
a,DET,1,A
a,DET,1,A
a,DET,1,A
abandon,VERB,4,B
ability,NOUN,3,B
able,ADJ,2,A
abolish,VERB,4,B
abortion,NOUN,4,B
about,ADP,2,A
about,ADV,2,A
above,ADJ,1,A
above,ADP,3,B
above,ADV,2,A
abroad,ADV,2,A
absence,NOUN,2,A
absent,ADJ,2,A
absolute,ADJ,2,A
absolutely,ADV,3,B
absorb,VERB,4,B
abstract,ADJ,3,B
absurd,ADJ,4,B
abuse,NOUN,3,B
academic,ADJ,3,B
accent,NOUN,3,B
accept,VERB,2,A
acceptable,ADJ,3,B
acceptance,NOUN,3,B
access,NOUN,3,B
access,VERB,3,B
accessible,ADJ,3,B
accident,NOUN,2,A
accommodation,NOUN,3,B
accompany,VERB,4,B
account,NOUN,3,B
account,NOUN,3,B
account,NOUN,3,B
accountant,NOUN,2,A
accumulate,VERB,4,B
accuracy,NOUN,4,B
accurate,ADJ,3,B
accuse,VERB,3,B
achieve,VERB,3,B
achievement,NOUN,3,B
acid,NOUN,1,A
acknowledge,VERB,4,B
acquire,VERB,4,B
acre,NOUN,4,B
across,ADP,2,A
across,ADV,2,A
act,NOUN,2,A
act,VERB,1,A
action,NOUN,2,A
active,ADJ,2,A
actively,ADV,3,B
activity,NOUN,2,A
actor,NOUN,1,A
actual,ADJ,3,B
actually,ADV,3,B
ad,NOUN,2,A
adapt,VERB,3,B
add,VERB,1,A
addition,NOUN,3,B
additional,ADJ,3,B
address,NOUN,1,A
address,VERB,2,A
adequate,ADJ,4,B
adjust,VERB,4,B
adjustment,NOUN,3,B
administration,NOUN,4,B
administrative,ADJ,4,B
administrator,NOUN,3,B
admire,VERB,3,B
admission,NOUN,4,B
admit,VERB,3,B
adopt,VERB,4,B
adoption,NOUN,3,B
adult,NOUN,2,A
advance,NOUN,4,B
advance,VERB,3,B
advanced,ADJ,3,B
advantage,NOUN,2,A
adventure,NOUN,3,B
advertise,VERB,4,B
advertisement,NOUN,2,A
advertising,NOUN,3,B
advice,NOUN,3,B
advise,VERB,2,A
adviser,NOUN,4,B
advocate,VERB,4,B
affair,NOUN,4,B
affect,VERB,3,B
affection,NOUN,4,B
afraid,ADJ,1,A
after,ADP,1,A
after,CONJ,1,A
afternoon,NOUN,2,A
afterwards,ADV,2,A
again,ADV,1,A
against,ADP,2,A
age,NOUN,1,A
age,VERB,1,A
agency,NOUN,2,A
agenda,NOUN,3,B
agent,NOUN,3,B
aggressive,ADJ,3,B
aggressively,ADV,3,B
ago,ADV,1,A
agree,VERB,1,A
agreement,NOUN,3,B
agriculture,NOUN,3,B
ahead,ADV,2,A
aid,NOUN,3,B
aid,VERB,3,B
aim,NOUN,2,A
aim,VERB,3,B
aircraft,NOUN,2,A
airline,NOUN,2,A
airport,NOUN,1,A
alarm,NOUN,2,A
album,NOUN,2,A
alcohol,NOUN,3,B
alive,ADJ,2,A
all,ADV,1,A
all,DET,1,A
allegation,NOUN,5,C
allege,VERB,4,B
alleged,ADJ,5,C
alliance,NOUN,5,C
allocate,VERB,4,B
allocation,NOUN,4,B
allow,VERB,3,B
allowance,NOUN,4,B
ally,NOUN,4,B
almost,ADV,2,A
alone,ADJ,2,A
alone,ADV,2,A
along,ADP,2,A
along,ADV,3,B
alongside,ADP,2,A
already,ADV,3,B
alright,ADJ,1,A
alright,ADV,2,A
also,ADV,1,A
alter,VERB,4,B
alteration,NOUN,4,B
alternative,ADJ,4,B
alternative,NOUN,3,B
alternatively,ADV,4,B
altogether,ADV,2,A
always,ADV,1,A
am,ADV,1,A
amazement,NOUN,3,B
amazing,ADJ,2,A
ambition,NOUN,3,B
ambitious,ADJ,3,B
ambulance,NOUN,1,A
amendment,NOUN,5,C
among,ADP,3,B
amount,NOUN,3,B
amount,VERB,3,B
an,DET,1,A
analogous,ADJ,5,C
analysis,NOUN,3,B
analyst,NOUN,4,B
ancient,ADJ,4,B
and,CONJ,1,A
angel,NOUN,3,B
anger,NOUN,1,A
angle,NOUN,3,B
angry,ADJ,1,A
animal,NOUN,2,A
ankle,NOUN,1,A
anniversary,NOUN,3,B
annual,ADJ,3,B
another,DET,2,A
answer,NOUN,1,A
answer,VERB,1,A
anticipate,VERB,4,B
anxiety,NOUN,4,B
anxious,ADJ,3,B
any,ADV,2,A
any,DET,2,A
anyway,ADV,2,A
anywhere,ADV,3,B
apart,ADV,2,A
apartment,NOUN,1,A
apparent,ADJ,4,B
apparently,ADV,4,B
appeal,NOUN,3,B
appeal,VERB,4,B
appear,VERB,3,B
appearance,NOUN,3,B
apple,NOUN,1,A
application,NOUN,3,B
apply,VERB,3,B
appoint,VERB,3,B
appointment,NOUN,3,B
appraise,VERB,4,B
appreciate,VERB,3,B
appreciation,NOUN,4,B
approach,NOUN,4,B
approach,VERB,4,B
appropriate,ADJ,4,B
approval,NOUN,4,B
approve,VERB,3,B
approximately,ADV,3,B
architect,NOUN,2,A
architecture,NOUN,2,A
area,NOUN,3,B
argue,VERB,3,B
argue,VERB,2,A
argument,NOUN,3,B
arise,VERB,4,B
arm,NOUN,1,A
armed,ADJ,4,B
army,NOUN,2,A
around,ADP,2,A
around,ADV,2,A
arrange,VERB,3,B
arrangement,NOUN,3,B
arrest,NOUN,4,B
arrest,VERB,3,B
arrival,NOUN,4,B
arrive,VERB,1,A
arrow,NOUN,3,B
art,NOUN,2,A
article,NOUN,3,B
artificial,ADJ,4,B
artist,NOUN,2,A
artistic,ADJ,3,B
as,ADP,2,A
as,ADV,2,A
as,CONJ,2,A
as,NOUN,2,A
aside,ADV,4,B
ask,VERB,1,A
asleep,ADJ,3,B
aspect,NOUN,5,C
aspiration,NOUN,5,C
assault,NOUN,5,C
assemble,VERB,3,B
assembly,NOUN,4,B
assert,VERB,4,B
assess,VERB,3,B
assessment,NOUN,3,B
asset,NOUN,4,B
assign,VERB,3,B
assignment,NOUN,3,B
assist,VERB,3,B
assistance,NOUN,4,B
assistant,ADJ,2,A
assistant,NOUN,3,B
associate,VERB,4,B
association,NOUN,4,B
assume,VERB,3,B
assumption,NOUN,4,B
assurance,NOUN,4,B
assure,VERB,4,B
at,ADP,1,A
atmosphere,NOUN,3,B
atom,NOUN,2,A
attach,VERB,3,B
attack,NOUN,2,A
attack,VERB,3,B
attainable,ADJ,5,C
attempt,NOUN,3,B
attempt,VERB,3,B
attend,VERB,3,B
attendance,NOUN,3,B
attention,NOUN,2,A
attitude,NOUN,4,B
attract,VERB,3,B
attraction,NOUN,3,B
attractive,ADJ,3,B
attribute,VERB,3,B
auction,NOUN,5,C
audience,NOUN,2,A
author,NOUN,2,A
authority,NOUN,4,B
automatic,ADJ,3,B
automatically,ADV,3,B
autumn,NOUN,1,A
availability,NOUN,3,B
available,ADJ,3,B
average,ADJ,3,B
average,NOUN,2,A
avoid,VERB,3,B
award,NOUN,3,B
aware,ADJ,3,B
awareness,NOUN,4,B
away,ADV,2,A
awful,ADJ,3,B
awkward,ADJ,4,B
baby,NOUN,1,A
back,ADJ,1,A
back,ADV,1,A
back,NOUN,2,A
back,VERB,2,A
background,NOUN,3,B
backwards,ADV,3,B
bad,ADJ,1,A
badly,ADV,2,A
bag,NOUN,1,A
balance,NOUN,3,B
balance,VERB,4,B
balcony,NOUN,2,A
ball,NOUN,2,A
ballet,NOUN,3,B
ban,NOUN,3,B
ban,VERB,3,B
band,NOUN,2,A
bank,NOUN,2,A
banker,NOUN,2,A
banking,NOUN,2,A
bar,NOUN,3,B
bare,ADJ,3,B
barn,NOUN,4,B
barrier,NOUN,4,B
base,NOUN,3,B
base,VERB,5,C
basic,ADJ,2,A
basically,ADV,2,A
basin,NOUN,4,B
basis,NOUN,3,B
basket,NOUN,2,A
bath,NOUN,1,A
bathroom,NOUN,1,A
battery,NOUN,2,A
battle,NOUN,3,B
bay,NOUN,3,B
be,VERB,1,A
beach,NOUN,1,A
beam,NOUN,4,B
bean,NOUN,2,A
bear,NOUN,1,A
bear,VERB,4,B
beat,NOUN,3,B
beat,VERB,3,B
beautiful,ADJ,2,A
beauty,NOUN,2,A
become,VERB,3,B
bed,NOUN,1,A
bedroom,NOUN,1,A
beef,NOUN,2,A
beer,NOUN,1,A
before,ADP,2,A
before,ADV,1,A
beg,VERB,2,A
begin,VERB,2,A
beginning,NOUN,2,A
behave,VERB,3,B
behaviour,NOUN,2,A
behind,ADP,1,A
behind,ADV,2,A
belief,NOUN,2,A
believe,VERB,2,A
bell,NOUN,2,A
belong,VERB,3,B
below,ADP,2,A
below,ADV,2,A
belt,NOUN,2,A
bench,NOUN,3,B
bend,VERB,3,B
beneath,ADP,2,A
benefit,NOUN,3,B
benefit,VERB,3,B
beside,ADP,1,A
besides,ADV,3,B
best,ADV,1,A
bet,VERB,3,B
better,ADV,2,A
between,ADP,3,B
beyond,ADP,3,B
bias,NOUN,3,B
bid,NOUN,4,B
big,ADJ,1,A
bike,NOUN,1,A
bill,NOUN,2,A
bill,VERB,4,B
biological,ADJ,3,B
bird,NOUN,1,A
birth,NOUN,2,A
birthday,NOUN,1,A
biscuit,NOUN,2,A
bit,NOUN,2,A
bite,VERB,2,A
bitter,ADJ,3,B
black,ADJ,1,A
black,NOUN,1,A
blade,NOUN,2,A
blame,VERB,3,B
blank,ADJ,1,A
blanket,NOUN,2,A
blend,NOUN,3,B
blind,ADJ,2,A
block,NOUN,3,B
block,VERB,3,B
blood,NOUN,1,A
bloody,ADJ,3,B
blow,NOUN,3,B
blow,VERB,2,A
blue,ADJ,1,A
blue,NOUN,1,A
board,NOUN,3,B
boat,NOUN,1,A
body,NOUN,1,A
bold,ADJ,3,B
bomb,NOUN,1,A
bond,NOUN,3,B
bone,NOUN,2,A
bonus,NOUN,3,B
book,NOUN,1,A
boost,VERB,4,B
boot,NOUN,1,A
border,NOUN,3,B
boring,ADJ,1,A
born,VERB,1,A
borrow,VERB,2,A
boss,NOUN,2,A
both,DET,2,A
bother,VERB,4,B
bottle,NOUN,2,A
bottom,ADJ,2,A
bottom,NOUN,1,A
bound,ADJ,4,B
bound,VERB,4,B
boundary,NOUN,4,B
bowl,NOUN,1,A
box,NOUN,1,A
boy,NOUN,1,A
brain,NOUN,2,A
branch,NOUN,4,B
brand,NOUN,3,B
brass,NOUN,3,B
brave,ADJ,2,A
bravely,ADV,3,B
bread,NOUN,2,A
break,NOUN,2,A
break,VERB,1,A
breakdown,NOUN,4,B
breakfast,NOUN,1,A
breast,NOUN,2,A
breath,NOUN,2,A
breathe,VERB,2,A
breed,NOUN,3,B
breed,VERB,4,B
breeze,NOUN,4,B
bribe,NOUN,4,B
brick,NOUN,2,A
bridge,NOUN,2,A
brief,ADJ,2,A
briefly,ADV,3,B
bright,ADJ,2,A
brilliant,ADJ,3,B
bring,VERB,3,B
broad,ADJ,3,B
broadly,ADV,3,B
broken,ADJ,2,A
bronze,NOUN,3,B
brother,NOUN,1,A
brown,ADJ,1,A
brush,NOUN,2,A
brush,VERB,1,A
budget,NOUN,3,B
build,VERB,1,A
builder,NOUN,1,A
building,NOUN,2,A
bump,VERB,4,B
bunch,NOUN,3,B
bundle,NOUN,4,B
burden,NOUN,4,B
bureaucracy,NOUN,5,C
burglar,NOUN,2,A
burn,VERB,2,A
burst,VERB,4,B
bury,VERB,3,B
bus,NOUN,1,A
bush,NOUN,2,A
business,NOUN,1,A
businessman,NOUN,1,A
busy,ADJ,2,A
but,CONJ,1,A
butter,NOUN,2,A
button,NOUN,2,A
buy,VERB,1,A
buyer,NOUN,2,A
by,ADP,2,A
by,ADV,2,A
bye,ADP,1,A
cab,NOUN,2,A
cab,NOUN,2,A
cable,NOUN,4,B
cake,NOUN,2,A
calculate,VERB,3,B
calculation,NOUN,4,B
calendar,NOUN,2,A
call,NOUN,1,A
call,VERB,2,A
camera,NOUN,1,A
camp,NOUN,2,A
campaign,NOUN,4,B
can,NOUN,1,A
can,VERB,1,A
canal,NOUN,3,B
cancel,VERB,2,A
cancer,NOUN,2,A
candidate,NOUN,3,B
candle,NOUN,3,B
cap,NOUN,3,B
capability,NOUN,4,B
capable,ADJ,3,B
capacity,NOUN,3,B
capital,NOUN,2,A
capitalism,NOUN,3,B
capitalist,ADJ,3,B
capture,VERB,4,B
car,NOUN,1,A
carbon,NOUN,3,B
card,NOUN,2,A
care,NOUN,2,A
care,VERB,1,A
career,NOUN,2,A
careful,ADJ,2,A
carefully,ADV,1,A
cargo,NOUN,3,B
carpet,NOUN,3,B
carriage,NOUN,3,B
carrot,NOUN,1,A
carry,VERB,3,B
cart,NOUN,4,B
case,NOUN,3,B
cash,NOUN,3,B
casserole,NOUN,5,C
cast,ADJ,3,B
cast,VERB,3,B
castle,NOUN,2,A
casual,ADJ,3,B
casualty,NOUN,4,B
cat,NOUN,1,A
catch,VERB,2,A
category,NOUN,3,B
cater,VERB,3,B
cathedral,NOUN,3,B
cattle,NOUN,2,A
cause,NOUN,1,A
cause,VERB,2,A
cave,NOUN,3,B
cease,VERB,5,C
ceiling,NOUN,2,A
celebrate,VERB,2,A
celebration,NOUN,2,A
cell,NOUN,3,B
central,ADJ,2,A
centre,NOUN,3,B
centre,VERB,2,A
century,NOUN,2,A
ceremony,NOUN,4,B
certain,ADJ,3,B
certainly,ADV,3,B
certainty,NOUN,4,B
certificate,NOUN,3,B
chain,NOUN,3,B
chair,NOUN,2,A
challenge,NOUN,2,A
challenge,VERB,3,B
champagne,NOUN,3,B
champion,NOUN,3,B
championship,NOUN,2,A
chance,NOUN,2,A
change,NOUN,3,B
change,VERB,2,A
channel,NOUN,3,B
chaos,NOUN,3,B
chapel,NOUN,4,B
chapter,NOUN,2,A
character,NOUN,2,A
characteristic,ADJ,3,B
characteristic,NOUN,3,B
charge,NOUN,2,A
charge,VERB,2,A
charity,NOUN,3,B
charm,NOUN,3,B
chart,NOUN,2,A
chase,VERB,3,B
cheap,ADJ,1,A
check,NOUN,2,A
check,VERB,1,A
cheek,NOUN,2,A
cheek,NOUN,2,A
cheer,VERB,3,B
cheese,NOUN,1,A
chemical,ADJ,3,B
chemical,NOUN,2,A
chemistry,NOUN,2,A
cheque,NOUN,3,B
chest,NOUN,2,A
chicken,NOUN,1,A
chief,ADJ,2,A
child,NOUN,1,A
childhood,NOUN,2,A
chin,NOUN,1,A
chip,NOUN,3,B
chocolate,NOUN,1,A
choice,NOUN,2,A
choir,NOUN,3,B
choose,VERB,2,A
chore,VERB,3,B
chronic,ADJ,4,B
church,NOUN,2,A
cigarette,NOUN,1,A
cinema,NOUN,2,A
circle,NOUN,3,B
circuit,NOUN,3,B
circular,ADJ,3,B
circulation,NOUN,4,B
circumstance,NOUN,3,B
citizen,NOUN,3,B
city,NOUN,1,A
civil,ADJ,4,B
claim,NOUN,3,B
claim,VERB,3,B
clash,NOUN,4,B
class,NOUN,1,A
classic,ADJ,2,A
classic,NOUN,2,A
classical,ADJ,2,A
classification,NOUN,4,B
classify,VERB,4,B
classroom,NOUN,1,A
clause,NOUN,3,B
clean,ADJ,2,A
clean,VERB,1,A
clear,ADJ,2,A
clear,VERB,1,A
clearly,ADV,3,B
clever,ADJ,2,A
client,NOUN,3,B
cliff,NOUN,3,B
climate,NOUN,2,A
climb,VERB,1,A
cling,VERB,4,B
clinic,NOUN,2,A
clinical,ADJ,3,B
clock,NOUN,1,A
close,ADJ,1,A
close,ADV,2,A
close,VERB,1,A
closed,ADJ,2,A
closely,ADV,3,B
closer,ADV,3,B
closure,NOUN,5,C
cloth,NOUN,3,B
clothes,NOUN,2,A
clothing,NOUN,2,A
cloud,NOUN,1,A
clown,NOUN,2,A
club,NOUN,2,A
clue,NOUN,3,B
clutch,VERB,4,B
coach,NOUN,3,B
coal,NOUN,2,A
coast,NOUN,3,B
coastal,ADJ,2,A
coat,NOUN,2,A
code,NOUN,3,B
coffee,NOUN,1,A
coin,NOUN,3,B
coincide,VERB,4,B
cold,ADJ,1,A
cold,NOUN,1,A
collapse,NOUN,3,B
collapse,VERB,3,B
collar,NOUN,3,B
colleague,NOUN,2,A
collect,VERB,3,B
collection,NOUN,3,B
collector,NOUN,4,B
college,NOUN,1,A
colour,NOUN,1,A
column,NOUN,2,A
combination,NOUN,3,B
combine,VERB,3,B
come,VERB,1,A
comedy,NOUN,2,A
comfort,NOUN,2,A
comfortable,ADJ,2,A
command,NOUN,3,B
command,VERB,4,B
commence,VERB,4,B
comment,NOUN,2,A
comment,VERB,2,A
commerce,NOUN,5,C
commercial,ADJ,3,B
commit,VERB,2,A
commitment,NOUN,4,B
committee,NOUN,3,B
commodity,NOUN,5,C
common,ADJ,3,B
commonly,ADV,4,B
communicate,VERB,2,A
communication,NOUN,2,A
community,NOUN,3,B
companion,NOUN,3,B
company,NOUN,2,A
comparable,ADJ,4,B
compare,VERB,3,B
comparison,NOUN,4,B
compete,VERB,3,B
competence,NOUN,4,B
competition,NOUN,3,B
competitive,ADJ,5,C
competitor,NOUN,4,B
complain,VERB,2,A
complaint,NOUN,3,B
complete,ADJ,2,A
complete,VERB,2,A
completely,ADV,3,B
completion,NOUN,4,B
complex,ADJ,3,B
complex,NOUN,3,B
complexity,NOUN,4,B
complicated,ADJ,4,B
comply,VERB,4,B
component,NOUN,5,C
compose,VERB,4,B
composer,NOUN,2,A
composition,NOUN,2,A
comprehensive,ADJ,3,B
comprise,VERB,5,C
compromise,NOUN,4,B
compulsory,ADJ,3,B
computer,NOUN,1,A
conceal,VERB,4,B
concede,VERB,5,C
conceive,VERB,4,B
concentrate,VERB,3,B
concentration,NOUN,3,B
concept,NOUN,2,A
conception,NOUN,4,B
concern,NOUN,3,B
concern,VERB,3,B
concerned,ADJ,4,B
concert,NOUN,2,A
concession,NOUN,4,B
conclude,VERB,3,B
conclusion,NOUN,3,B
concrete,ADJ,4,B
condemn,VERB,4,B
condition,NOUN,3,B
conduct,NOUN,3,B
conduct,VERB,4,B
conference,NOUN,3,B
confess,VERB,4,B
confidence,NOUN,3,B
confident,ADJ,2,A
confine,VERB,4,B
confirm,VERB,3,B
conflict,NOUN,4,B
confront,VERB,5,C
confused,ADJ,3,B
confusion,NOUN,3,B
connect,VERB,3,B
connection,NOUN,3,B
conscience,NOUN,4,B
conscious,ADJ,3,B
consciousness,NOUN,4,B
consensus,NOUN,5,C
consent,NOUN,4,B
consequence,NOUN,3,B
consequently,ADV,3,B
conservation,NOUN,4,B
conservative,ADJ,3,B
conservative,NOUN,3,B
consider,VERB,3,B
considerable,ADJ,4,B
considerably,ADV,3,B
consideration,NOUN,3,B
consistent,ADJ,4,B
consistently,ADV,4,B
constant,ADJ,3,B
constantly,ADV,3,B
constitute,VERB,4,B
constitution,NOUN,3,B
constitutional,ADJ,5,C
constraint,NOUN,5,C
construct,VERB,4,B
construction,NOUN,3,B
consult,VERB,3,B
consultant,NOUN,3,B
consultation,NOUN,4,B
consume,VERB,3,B
consumer,NOUN,4,B
consumption,NOUN,3,B
contact,NOUN,2,A
contact,VERB,2,A
contain,VERB,3,B
container,NOUN,2,A
contemplate,VERB,5,C
contemporary,ADJ,4,B
content,ADJ,3,B
content,NOUN,3,B
contest,NOUN,2,A
context,NOUN,3,B
continent,NOUN,2,A
continental,ADJ,4,B
continue,VERB,2,A
continuous,ADJ,4,B
contract,NOUN,4,B
contract,VERB,3,B
contradiction,NOUN,4,B
contrast,NOUN,3,B
contrast,VERB,3,B
contribute,VERB,4,B
contribution,NOUN,3,B
control,NOUN,2,A
control,VERB,2,A
controversial,ADJ,4,B
controversy,NOUN,4,B
convenient,ADJ,3,B
convention,NOUN,4,B
conventional,ADJ,4,B
conversation,NOUN,2,A
conversion,NOUN,4,B
convert,VERB,4,B
convey,VERB,4,B
conviction,NOUN,5,C
convince,VERB,3,B
convinced,ADJ,3,B
cook,VERB,2,A
cooking,NOUN,1,A
cool,ADJ,2,A
cool,VERB,2,A
cooperative,ADJ,5,C
cope,VERB,4,B
copper,NOUN,3,B
copy,NOUN,2,A
copy,VERB,2,A
core,NOUN,3,B
corner,NOUN,2,A
corporate,ADJ,2,A
corporation,NOUN,4,B
correct,ADJ,3,B
correct,VERB,2,A
correctly,ADV,2,A
correspond,VERB,3,B
corridor,NOUN,1,A
corruption,NOUN,5,C
cost,NOUN,2,A
cost,VERB,2,A
cottage,NOUN,2,A
cotton,NOUN,3,B
could,VERB,1,A
council,NOUN,3,B
count,VERB,1,A
counter,NOUN,4,B
counterpart,NOUN,4,B
country,NOUN,1,A
countryside,NOUN,2,A
county,NOUN,2,A
coup,NOUN,4,B
couple,NOUN,2,A
courage,NOUN,3,B
course,NOUN,3,B
court,NOUN,3,B
cousin,NOUN,1,A
cover,NOUN,3,B
cover,VERB,2,A
coverage,NOUN,4,B
cow,NOUN,1,A
crack,NOUN,1,A
crack,VERB,4,B
craft,NOUN,3,B
crash,NOUN,3,B
crash,VERB,3,B
crawl,NOUN,5,C
crazy,ADJ,2,A
cream,NOUN,2,A
create,VERB,2,A
creation,NOUN,3,B
creative,ADJ,2,A
creature,NOUN,4,B
credit,NOUN,3,B
creep,VERB,3,B
crew,NOUN,3,B
cricket,NOUN,4,B
crime,NOUN,2,A
criminal,ADJ,3,B
criminal,NOUN,3,B
crisis,NOUN,3,B
crisp,NOUN,3,B
criterion,NOUN,4,B
critic,NOUN,4,B
critical,ADJ,4,B
criticise,VERB,3,B
criticism,NOUN,4,B
criticize,VERB,4,B
crop,NOUN,3,B
crop,VERB,2,A
cross,NOUN,3,B
cross,VERB,2,A
crowd,NOUN,2,A
crucial,ADJ,3,B
cry,NOUN,1,A
cry,VERB,2,A
crystal,NOUN,2,A
cultural,ADJ,2,A
culture,NOUN,2,A
cup,NOUN,1,A
cup,VERB,2,A
cupboard,NOUN,2,A
curious,ADJ,3,B
curiously,ADV,4,B
currency,NOUN,3,B
current,ADJ,3,B
current,NOUN,3,B
currently,ADV,3,B
curriculum,NOUN,3,B
curry,NOUN,2,A
curtain,NOUN,1,A
curve,NOUN,3,B
custody,NOUN,5,C
custom,NOUN,3,B
customer,NOUN,2,A
cut,NOUN,3,B
cut,VERB,1,A
cycle,NOUN,2,A
dad,NOUN,1,A
daily,ADJ,2,A
daily,ADV,1,A
damage,NOUN,3,B
damage,VERB,3,B
damp,ADJ,3,B
damp,VERB,3,B
dance,NOUN,2,A
dance,VERB,1,A
dancer,NOUN,1,A
danger,NOUN,3,B
dangerous,ADJ,1,A
dangerously,ADV,2,A
dark,ADJ,2,A
dark,NOUN,1,A
darkness,NOUN,2,A
darling,NOUN,2,A
data,NOUN,2,A
database,NOUN,3,B
date,NOUN,2,A
date,VERB,2,A
daughter,NOUN,1,A
dawn,NOUN,3,B
day,NOUN,1,A
dazzle,VERB,6,C
dead,ADJ,3,B
deadly,ADJ,3,B
deaf,ADJ,3,B
deal,NOUN,3,B
deal,VERB,3,B
dealer,NOUN,3,B
dear,ADJ,2,A
dear,NOUN,1,A
death,NOUN,2,A
debate,NOUN,3,B
debt,NOUN,4,B
debut,NOUN,4,B
decade,NOUN,3,B
decent,ADJ,3,B
decide,VERB,3,B
decision,NOUN,3,B
deck,NOUN,3,B
declaration,NOUN,4,B
declare,VERB,4,B
decline,NOUN,3,B
decline,VERB,4,B
decorate,VERB,3,B
decorative,ADJ,4,B
decrease,VERB,2,A
deem,VERB,5,C
deep,ADJ,2,A
deep,ADV,2,A
deeply,ADV,3,B
defeat,NOUN,3,B
defeat,VERB,4,B
defect,NOUN,4,B
defence,NOUN,3,B
defend,VERB,3,B
defender,NOUN,3,B
deficit,NOUN,5,C
define,VERB,3,B
definite,ADJ,3,B
definitely,ADV,3,B
definition,NOUN,3,B
degree,NOUN,3,B
delay,NOUN,3,B
delay,VERB,3,B
delegate,NOUN,4,B
delegation,NOUN,4,B
deliberately,ADV,4,B
delicate,ADJ,4,B
delight,NOUN,3,B
delighted,ADJ,4,B
deliver,VERB,2,A
delivery,NOUN,4,B
demand,NOUN,4,B
demand,VERB,3,B
democracy,NOUN,2,A
democratic,ADJ,3,B
demonstrate,VERB,3,B
demonstration,NOUN,3,B
denim,NOUN,2,A
density,NOUN,4,B
deny,VERB,4,B
department,NOUN,2,A
departure,NOUN,3,B
dependent,ADJ,4,B
depict,VERB,5,C
deposit,NOUN,3,B
depressed,ADJ,2,A
depression,NOUN,3,B
depth,NOUN,3,B
deputy,NOUN,3,B
descend,VERB,4,B
describe,VERB,2,A
description,NOUN,2,A
desert,NOUN,2,A
deserve,VERB,3,B
design,NOUN,3,B
design,VERB,2,A
designer,NOUN,2,A
desirable,ADJ,3,B
desire,NOUN,4,B
desire,VERB,4,B
desk,NOUN,1,A
desktop,NOUN,1,A
desperate,ADJ,3,B
desperately,ADV,4,B
despite,ADP,3,B
destination,NOUN,3,B
destroy,VERB,3,B
destruction,NOUN,4,B
detail,NOUN,3,B
detailed,ADJ,4,B
detect,VERB,4,B
determination,NOUN,4,B
determine,VERB,3,B
determined,ADJ,3,B
develop,VERB,2,A
developed,ADJ,3,B
developer,NOUN,2,A
developing,ADJ,3,B
development,NOUN,3,B
device,NOUN,3,B
devil,NOUN,2,A
devise,VERB,5,C
diagnosis,NOUN,5,C
diagram,NOUN,4,B
dialogue,NOUN,4,B
diamond,NOUN,2,A
diary,NOUN,3,B
dictionary,NOUN,2,A
die,VERB,2,A
diet,NOUN,2,A
differ,VERB,3,B
difference,NOUN,2,A
different,ADJ,2,A
differently,ADV,2,A
difficult,ADJ,1,A
difficulty,NOUN,3,B
dig,VERB,2,A
digest,NOUN,3,B
digital,ADJ,2,A
dim,ADJ,2,A
dimension,NOUN,4,B
diminish,VERB,4,B
dinner,NOUN,1,A
dinosaur,NOUN,1,A
dip,NOUN,5,C
diplomatic,ADJ,4,B
direct,ADJ,2,A
direct,VERB,2,A
direction,NOUN,3,B
directly,ADV,3,B
director,NOUN,2,A
directory,NOUN,3,B
dirty,ADJ,1,A
disability,NOUN,4,B
disabled,ADJ,2,A
disadvantage,NOUN,3,B
disappear,VERB,3,B
disappointed,ADJ,2,A
disappointment,NOUN,3,B
disapproval,NOUN,4,B
disaster,NOUN,3,B
disc,NOUN,2,A
discipline,NOUN,4,B
disclose,VERB,4,B
discount,NOUN,2,A
discover,VERB,2,A
discovery,NOUN,3,B
discretion,NOUN,4,B
discrimination,NOUN,4,B
discuss,VERB,2,A
discussion,NOUN,3,B
disease,NOUN,2,A
disgust,NOUN,3,B
dish,NOUN,1,A
disk,NOUN,2,A
dismiss,VERB,4,B
dismissal,NOUN,4,B
disorder,NOUN,3,B
disorder,VERB,3,B
display,NOUN,3,B
display,VERB,3,B
disposable,ADJ,5,C
disposal,NOUN,3,B
dispute,NOUN,5,C
dissolve,VERB,4,B
distance,NOUN,3,B
distant,ADJ,2,A
distinct,ADJ,3,B
distinction,NOUN,4,B
distinctive,ADJ,5,C
distinguish,VERB,3,B
distress,NOUN,4,B
distressing,ADJ,4,B
distribute,VERB,3,B
distribution,NOUN,4,B
district,NOUN,3,B
disturb,VERB,3,B
disturbance,NOUN,4,B
diversity,NOUN,3,B
divide,VERB,2,A
division,NOUN,4,B
divorce,NOUN,2,A
do,VERB,1,A
dock,NOUN,3,B
document,NOUN,2,A
dog,NOUN,1,A
dollar,NOUN,1,A
dolphin,NOUN,2,A
domain,NOUN,4,B
domestic,ADJ,3,B
dominant,ADJ,3,B
dominate,VERB,3,B
door,NOUN,1,A
doorway,NOUN,3,B
dose,NOUN,3,B
dot,NOUN,2,A
double,ADJ,2,A
double,VERB,3,B
doubt,NOUN,3,B
doubt,VERB,3,B
down,ADP,1,A
down,ADV,2,A
downstairs,ADV,2,A
dozen,NOUN,2,A
draft,NOUN,4,B
draft,VERB,3,B
drag,VERB,4,B
drain,VERB,3,B
drama,NOUN,2,A
dramatic,ADJ,3,B
dramatically,ADV,3,B
draw,NOUN,2,A
draw,VERB,1,A
drawer,NOUN,1,A
drawing,NOUN,3,B
dream,NOUN,2,A
dream,VERB,2,A
dress,NOUN,1,A
dress,VERB,1,A
drift,NOUN,4,B
drift,VERB,4,B
drink,NOUN,1,A
drink,VERB,1,A
drive,NOUN,1,A
drive,VERB,1,A
driver,NOUN,1,A
drop,NOUN,3,B
drop,VERB,3,B
drug,NOUN,2,A
drum,NOUN,2,A
drunk,ADJ,3,B
dry,ADJ,2,A
dry,VERB,2,A
duck,NOUN,2,A
due,ADJ,3,B
dull,ADJ,3,B
dump,VERB,4,B
duration,NOUN,3,B
during,ADP,2,A
dust,NOUN,2,A
dustbin,NOUN,2,A
duty,NOUN,2,A
dynamic,ADJ,4,B
each,DET,2,A
eager,ADJ,3,B
eagle,NOUN,3,B
ear,NOUN,1,A
early,ADJ,1,A
early,ADV,1,A
earn,VERB,2,A
earnings,NOUN,3,B
earring,NOUN,2,A
earth,NOUN,2,A
ease,NOUN,4,B
ease,VERB,3,B
easily,ADV,2,A
east,NOUN,2,A
eastern,ADJ,1,A
easy,ADJ,1,A
eat,VERB,2,A
echo,NOUN,4,B
echo,VERB,3,B
economic,ADJ,4,B
economics,NOUN,3,B
economist,NOUN,3,B
economy,NOUN,2,A
edge,NOUN,4,B
edit,VERB,3,B
edition,NOUN,3,B
editor,NOUN,3,B
educate,VERB,3,B
education,NOUN,2,A
educational,ADJ,3,B
effect,NOUN,2,A
effective,ADJ,3,B
effectively,ADV,3,B
effectiveness,NOUN,3,B
efficiency,NOUN,3,B
efficient,ADJ,4,B
effort,NOUN,3,B
egg,NOUN,1,A
either,ADV,3,B
either,DET,3,B
elbow,NOUN,2,A
elderly,ADJ,4,B
elect,VERB,3,B
election,NOUN,3,B
electric,ADJ,2,A
electrical,ADJ,3,B
electricity,NOUN,2,A
electronic,ADJ,3,B
electronics,NOUN,2,A
elegant,ADJ,2,A
element,NOUN,3,B
elephant,NOUN,1,A
eliminate,VERB,4,B
elite,NOUN,5,C
else,ADV,3,B
elsewhere,ADV,3,B
embassy,NOUN,4,B
embrace,VERB,4,B
emerge,VERB,4,B
emergency,NOUN,3,B
emission,NOUN,4,B
emit,VERB,4,B
emotion,NOUN,2,A
emotional,ADJ,3,B
emphasis,NOUN,4,B
emphasize,VERB,4,B
empire,NOUN,4,B
empirical,ADJ,5,C
employ,VERB,3,B
employee,NOUN,4,B
employer,NOUN,2,A
employment,NOUN,3,B
empty,ADJ,1,A
enable,VERB,4,B
enclose,VERB,3,B
encounter,NOUN,4,B
encounter,VERB,4,B
encourage,VERB,3,B
encouragement,NOUN,3,B
encouraging,ADJ,4,B
end,NOUN,2,A
end,VERB,1,A
endless,ADJ,3,B
endorse,VERB,4,B
enemy,NOUN,2,A
energy,NOUN,2,A
enforce,VERB,4,B
engage,VERB,3,B
engine,NOUN,2,A
engineer,NOUN,1,A
engineering,NOUN,2,A
enhance,VERB,4,B
enjoy,VERB,1,A
enjoyable,ADJ,2,A
enormous,ADJ,2,A
enough,ADV,2,A
enquiry,NOUN,4,B
enter,VERB,1,A
enterprise,NOUN,3,B
entertainment,NOUN,4,B
enthusiasm,NOUN,4,B
entire,ADJ,3,B
entirely,ADV,3,B
entitle,VERB,4,B
entity,NOUN,5,C
entrance,NOUN,3,B
entry,NOUN,3,B
envelope,NOUN,1,A
environment,NOUN,3,B
environmental,ADJ,3,B
envisage,VERB,4,B
envy,VERB,4,B
episode,NOUN,2,A
equal,ADJ,2,A
equality,NOUN,3,B
equally,ADV,3,B
equation,NOUN,4,B
equip,VERB,3,B
equipment,NOUN,3,B
equivalent,ADJ,4,B
equivalent,NOUN,4,B
era,NOUN,4,B
error,NOUN,2,A
escape,NOUN,3,B
escape,VERB,2,A
especially,ADV,3,B
essay,NOUN,3,B
essence,NOUN,4,B
essential,ADJ,3,B
essentially,ADV,3,B
establish,VERB,4,B
establishment,NOUN,4,B
estate,NOUN,4,B
estimate,NOUN,3,B
estimate,VERB,4,B
estimated,ADJ,4,B
ethnic,ADJ,4,B
evaluate,VERB,4,B
evaluation,NOUN,4,B
even,ADV,3,B
evening,NOUN,1,A
event,NOUN,3,B
eventually,ADV,3,B
ever,ADV,3,B
every,DET,1,A
everywhere,ADV,1,A
evidence,NOUN,3,B
evident,ADJ,5,C
evidently,ADV,4,B
evil,ADJ,3,B
evil,NOUN,3,B
evolution,NOUN,4,B
evolve,VERB,4,B
exact,ADJ,3,B
exactly,ADV,2,A
exaggerate,VERB,4,B
exaggeration,NOUN,3,B
exam,NOUN,1,A
examination,NOUN,3,B
examine,VERB,3,B
example,NOUN,1,A
exceed,VERB,4,B
excellent,ADJ,2,A
except,ADP,3,B
exception,NOUN,3,B
exceptional,ADJ,4,B
excess,NOUN,3,B
excessive,ADJ,4,B
exchange,NOUN,3,B
exchange,VERB,3,B
excited,ADJ,2,A
excitement,NOUN,2,A
exciting,ADJ,2,A
exclude,VERB,4,B
exclusive,ADJ,4,B
exclusively,ADV,5,C
excuse,NOUN,2,A
excuse,VERB,2,A
execute,VERB,4,B
executive,NOUN,3,B
exercise,NOUN,2,A
exercise,VERB,2,A
exhibit,VERB,4,B
exhibition,NOUN,3,B
exist,VERB,3,B
existence,NOUN,3,B
existing,ADJ,3,B
expand,VERB,4,B
expansion,NOUN,4,B
expect,VERB,3,B
expectation,NOUN,3,B
expected,ADJ,4,B
expedition,NOUN,4,B
expenditure,NOUN,5,C
expense,NOUN,4,B
expensive,ADJ,2,A
experience,NOUN,3,B
experience,VERB,3,B
experienced,ADJ,3,B
experiment,NOUN,4,B
experimental,ADJ,4,B
expert,NOUN,4,B
explain,VERB,2,A
explanation,NOUN,3,B
explicit,ADJ,4,B
explode,VERB,2,A
exploit,VERB,4,B
exploration,NOUN,3,B
explore,VERB,3,B
explosion,NOUN,3,B
export,NOUN,4,B
export,VERB,3,B
expose,VERB,4,B
exposure,NOUN,4,B
express,VERB,3,B
expression,NOUN,3,B
extend,VERB,4,B
extension,NOUN,4,B
extensive,ADJ,4,B
extent,NOUN,4,B
external,ADJ,4,B
extra,ADJ,1,A
extract,VERB,5,C
extraordinary,ADJ,4,B
extravagant,ADJ,4,B
extreme,ADJ,2,A
extremely,ADV,3,B
eye,NOUN,1,A
fabric,NOUN,3,B
face,NOUN,1,A
face,VERB,2,A
facilitate,VERB,4,B
facility,NOUN,4,B
fact,NOUN,2,A
factor,NOUN,3,B
factory,NOUN,2,A
faculty,NOUN,2,A
fade,VERB,3,B
fail,VERB,1,A
failure,NOUN,3,B
faint,ADJ,3,B
fair,ADJ,2,A
fairly,ADV,3,B
faith,NOUN,3,B
fall,NOUN,1,A
fall,VERB,2,A
FALSE,ADJ,1,A
familiar,ADJ,3,B
family,NOUN,1,A
famous,ADJ,1,A
fan,NOUN,2,A
fancy,VERB,2,A
fantasy,NOUN,2,A
far,ADJ,1,A
far,ADV,1,A
farm,NOUN,1,A
farmer,NOUN,2,A
farming,NOUN,2,A
fascinating,ADJ,3,B
fashion,NOUN,2,A
fast,ADJ,1,A
fast,ADV,2,A
fat,ADJ,1,A
fat,NOUN,1,A
fate,NOUN,3,B
fault,NOUN,3,B
favour,NOUN,3,B
favour,VERB,4,B
favourable,ADJ,3,B
favourite,ADJ,1,A
favourite,NOUN,1,A
fear,NOUN,2,A
fear,VERB,2,A
feature,NOUN,3,B
feature,VERB,2,A
fee,NOUN,3,B
feed,VERB,3,B
feel,VERB,1,A
feeling,NOUN,2,A
fellow,ADJ,3,B
fellow,NOUN,4,B
female,ADJ,2,A
female,NOUN,1,A
fence,NOUN,2,A
ferry,NOUN,3,B
festival,NOUN,1,A
fetch,VERB,4,B
fever,NOUN,2,A
fibre,NOUN,4,B
fiction,NOUN,3,B
fierce,ADJ,4,B
fifth,NOUN,1,A
fight,NOUN,2,A
fight,VERB,2,A
fighting,NOUN,1,A
figure,NOUN,3,B
figure,VERB,3,B
file,NOUN,3,B
file,VERB,3,B
fill,VERB,2,A
film,NOUN,2,A
filter,NOUN,4,B
final,ADJ,2,A
finally,ADV,2,A
finance,NOUN,2,A
finance,VERB,3,B
financial,ADJ,3,B
financially,ADV,4,B
find,VERB,2,A
finding,ADJ,2,A
finding,NOUN,3,B
fine,ADJ,2,A
finely,ADV,3,B
finger,NOUN,1,A
finish,NOUN,1,A
finish,VERB,2,A
finite,ADJ,4,B
fire,NOUN,1,A
fire,VERB,2,A
firm,ADJ,3,B
firm,NOUN,3,B
firmly,ADV,4,B
firstly,ADV,2,A
fish,NOUN,1,A
fishing,NOUN,2,A
fist,NOUN,3,B
fit,ADJ,2,A
fit,NOUN,1,A
fit,VERB,2,A
fitness,NOUN,2,A
fix,VERB,2,A
fixed,ADJ,3,B
flag,NOUN,2,A
flame,NOUN,3,B
flash,VERB,3,B
flat,ADJ,2,A
flat,ADV,3,B
flat,NOUN,1,A
flavour,NOUN,2,A
flee,VERB,5,C
fleet,NOUN,3,B
flesh,NOUN,3,B
flexibility,NOUN,3,B
flexible,ADJ,3,B
float,VERB,3,B
flood,NOUN,3,B
floor,NOUN,2,A
flow,NOUN,4,B
flow,VERB,4,B
flower,NOUN,1,A
fluency,NOUN,4,B
fluid,NOUN,4,B
fly,NOUN,1,A
fly,VERB,1,A
focus,NOUN,3,B
focus,VERB,2,A
fold,VERB,3,B
folk,NOUN,3,B
follow,VERB,2,A
following,ADJ,4,B
food,NOUN,1,A
fool,NOUN,3,B
fool,VERB,3,B
foot,NOUN,1,A
foot,VERB,1,A
football,NOUN,1,A
for,ADP,1,A
force,NOUN,3,B
force,VERB,2,A
forecast,NOUN,3,B
forehead,NOUN,2,A
foreign,ADJ,2,A
forest,NOUN,2,A
forever,ADV,2,A
forget,VERB,2,A
forgive,VERB,3,B
form,NOUN,2,A
form,VERB,3,B
formal,ADJ,2,A
formally,ADV,4,B
format,NOUN,3,B
formation,NOUN,4,B
formerly,ADV,4,B
formula,NOUN,3,B
formulate,VERB,4,B
forthcoming,ADJ,6,C
fortnight,NOUN,5,C
fortunately,ADV,3,B
fortune,NOUN,3,B
forward,ADV,1,A
found,VERB,2,A
foundation,NOUN,4,B
founder,NOUN,3,B
fountain,NOUN,3,B
fraction,NOUN,4,B
frail,ADJ,5,C
frame,NOUN,3,B
frame,VERB,4,B
framework,NOUN,3,B
fraud,NOUN,4,B
free,ADJ,1,A
free,VERB,2,A
freedom,NOUN,3,B
freely,ADV,3,B
freeze,VERB,3,B
frequent,ADJ,3,B
frequently,ADV,2,A
fresh,ADJ,1,A
friend,NOUN,1,A
friendly,ADJ,2,A
friendship,NOUN,2,A
frightened,ADJ,3,B
from,ADP,1,A
front,ADJ,1,A
front,NOUN,2,A
frown,VERB,5,C
fruit,NOUN,1,A
frustration,NOUN,4,B
fuel,NOUN,2,A
full,ADJ,2,A
fully,ADV,3,B
fun,ADJ,1,A
fun,NOUN,1,A
function,NOUN,3,B
function,VERB,3,B
functional,ADJ,3,B
fund,NOUN,3,B
fund,VERB,4,B
fundamental,ADJ,4,B
funding,NOUN,4,B
funeral,NOUN,2,A
funny,ADJ,2,A
furniture,NOUN,1,A
further,ADV,3,B
furthermore,ADV,2,A
future,ADJ,2,A
future,NOUN,2,A
gain,NOUN,2,A
gain,VERB,2,A
gallery,NOUN,2,A
game,NOUN,2,A
gang,NOUN,3,B
gap,NOUN,3,B
garage,NOUN,2,A
garden,NOUN,1,A
gas,NOUN,1,A
gate,NOUN,2,A
gather,VERB,2,A
gay,ADJ,2,A
gaze,NOUN,5,C
gaze,VERB,4,B
gear,NOUN,4,B
gender,NOUN,3,B
gene,NOUN,4,B
general,ADJ,2,A
generally,ADV,1,A
generate,VERB,3,B
generation,NOUN,3,B
generous,ADJ,2,A
genetic,ADJ,3,B
gentle,ADJ,3,B
gentleman,NOUN,2,A
gently,ADV,4,B
genuine,ADJ,4,B
geography,NOUN,2,A
german,ADJ,1,A
german,NOUN,1,A
gesture,NOUN,4,B
get,VERB,1,A
ghost,NOUN,2,A
giant,ADJ,3,B
giant,NOUN,3,B
gift,NOUN,1,A
girl,NOUN,1,A
girlfriend,NOUN,2,A
give,VERB,1,A
glad,ADJ,2,A
glance,NOUN,4,B
glance,VERB,4,B
glass,NOUN,1,A
global,ADJ,3,B
glory,NOUN,4,B
glove,NOUN,2,A
go,NOUN,1,A
go,VERB,1,A
goal,NOUN,3,B
god,NOUN,1,A
gold,NOUN,1,A
golden,ADJ,3,B
golf,NOUN,2,A
good,ADJ,1,A
good,NOUN,1,A
goodness,NOUN,2,A
goods,NOUN,2,A
govern,VERB,3,B
government,NOUN,2,A
grab,VERB,4,B
grace,NOUN,4,B
grade,NOUN,2,A
gradually,ADV,4,B
graduate,NOUN,3,B
grain,NOUN,3,B
grammar,NOUN,1,A
grand,ADJ,3,B
grandfather,NOUN,1,A
grandmother,NOUN,1,A
grandson,NOUN,1,A
grant,NOUN,4,B
grant,VERB,3,B
graphics,NOUN,3,B
grasp,VERB,3,B
grass,NOUN,3,B
grateful,ADJ,3,B
grave,NOUN,2,A
great,ADJ,1,A
greatly,ADV,2,A
green,ADJ,2,A
green,NOUN,1,A
greet,VERB,3,B
greeting,NOUN,2,A
grey,ADJ,1,A
grief,NOUN,4,B
grin,VERB,2,A
grip,NOUN,4,B
groan,VERB,3,B
gross,ADJ,4,B
ground,ADJ,2,A
ground,NOUN,3,B
group,NOUN,2,A
grow,VERB,2,A
growing,ADJ,2,A
growth,NOUN,2,A
guarantee,NOUN,4,B
guarantee,VERB,2,A
guard,NOUN,2,A
guard,VERB,2,A
guess,VERB,2,A
guest,NOUN,2,A
guidance,NOUN,4,B
guide,NOUN,2,A
guide,VERB,3,B
guidebook,NOUN,2,A
guideline,NOUN,4,B
guilt,NOUN,3,B
guilty,ADJ,3,B
guitar,NOUN,1,A
gun,NOUN,2,A
guy,NOUN,1,A
habit,NOUN,2,A
habitat,NOUN,3,B
hair,NOUN,1,A
half,ADV,3,B
half,DET,1,A
half,NOUN,2,A
hall,NOUN,3,B
hand,NOUN,1,A
hand,VERB,2,A
handle,NOUN,3,B
handle,VERB,3,B
handsome,ADJ,1,A
hang,VERB,2,A
happen,VERB,1,A
happily,ADV,2,A
happiness,NOUN,2,A
happy,ADJ,1,A
harbour,NOUN,3,B
hard,ADJ,2,A
hard,ADV,2,A
hardly,ADV,3,B
hardware,NOUN,3,B
harm,NOUN,3,B
harmful,ADJ,3,B
harmless,ADJ,3,B
harsh,ADJ,3,B
hat,NOUN,1,A
hate,VERB,2,A
haul,VERB,5,C
have,VERB,1,A
hazard,NOUN,4,B
he,PRON,1,A
head,ADJ,1,A
head,NOUN,1,A
head,VERB,2,A
headline,NOUN,2,A
headquarters,NOUN,4,B
health,NOUN,2,A
healthy,ADJ,1,A
hear,VERB,1,A
heart,NOUN,2,A
heat,NOUN,2,A
heating,NOUN,2,A
heaven,NOUN,3,B
heavily,ADV,3,B
heavy,ADJ,1,A
hedge,NOUN,4,B
heel,NOUN,3,B
height,NOUN,2,A
helicopter,NOUN,2,A
hell,NOUN,2,A
hello,ADP,1,A
help,NOUN,1,A
help,VERB,1,A
helpful,ADJ,2,A
hence,ADV,4,B
her,DET,1,A
here,ADV,1,A
heritage,NOUN,5,C
hero,NOUN,2,A
hers,PRON,1,A
herself,PRON,2,A
hesitate,VERB,3,B
hey,ADP,1,A
hide,VERB,2,A
hierarchy,NOUN,5,C
high,ADJ,1,A
high,NOUN,1,A
highlight,VERB,3,B
highly,ADV,3,B
himself,PRON,1,A
hint,NOUN,3,B
hip,NOUN,4,B
hire,VERB,3,B
his,DET,1,A
his,PRON,1,A
historian,NOUN,3,B
historic,ADJ,2,A
historical,ADJ,2,A
history,NOUN,2,A
hit,NOUN,2,A
hit,VERB,2,A
hold,NOUN,2,A
hold,VERB,2,A
hole,NOUN,2,A
hole,VERB,3,B
holiday,NOUN,1,A
holy,ADJ,4,B
home,ADV,1,A
honest,ADJ,2,A
hook,NOUN,4,B
hope,NOUN,2,A
hope,VERB,2,A
hopefully,ADV,3,B
horizon,NOUN,4,B
horn,NOUN,3,B
horrible,ADJ,2,A
horror,NOUN,2,A
horse,NOUN,1,A
hospital,NOUN,1,A
host,NOUN,3,B
hostel,NOUN,2,A
hostile,ADJ,4,B
hostility,NOUN,4,B
hot,ADJ,1,A
hotel,NOUN,1,A
hour,NOUN,1,A
house,NOUN,1,A
house,VERB,1,A
household,NOUN,3,B
housing,NOUN,2,A
how,ADV,1,A
however,ADV,2,A
huge,ADJ,2,A
human,ADJ,3,B
human,NOUN,2,A
humour,NOUN,3,B
hungry,ADJ,1,A
hunt,VERB,3,B
hunting,NOUN,3,B
hurry,VERB,2,A
hurt,VERB,2,A
husband,NOUN,1,A
hut,NOUN,3,B
hygienic,ADJ,3,B
hypothesis,NOUN,5,C
I,NOUN,1,A
ice,NOUN,1,A
idea,NOUN,2,A
ideal,ADJ,4,B
ideal,NOUN,2,A
identical,ADJ,3,B
identification,NOUN,3,B
identify,VERB,4,B
identity,NOUN,2,A
ignore,VERB,3,B
ill,ADJ,1,A
illegal,ADJ,3,B
illness,NOUN,2,A
illustrate,VERB,3,B
illustration,NOUN,3,B
image,NOUN,3,B
imagination,NOUN,3,B
imagine,VERB,2,A
immediate,ADJ,4,B
immediately,ADV,3,B
immortal,ADJ,4,B
impact,NOUN,3,B
impatience,NOUN,3,B
implement,VERB,5,C
implementation,NOUN,5,C
implication,NOUN,4,B
imply,VERB,5,C
import,NOUN,3,B
import,VERB,3,B
importance,NOUN,2,A
important,ADJ,2,A
impose,VERB,3,B
impossible,ADJ,2,A
impress,VERB,4,B
impressed,ADJ,3,B
impression,NOUN,3,B
impressive,ADJ,3,B
imprison,VERB,4,B
imprisonment,NOUN,4,B
improve,VERB,3,B
improved,ADJ,4,B
improvement,NOUN,3,B
in,ADP,1,A
in,ADV,1,A
in,VERB,1,A
inadequate,ADJ,5,C
incentive,NOUN,4,B
inch,NOUN,2,A
incident,NOUN,4,B
include,VERB,3,B
income,NOUN,3,B
incorporate,VERB,5,C
increase,NOUN,3,B
increase,VERB,3,B
increasingly,ADV,3,B
incur,VERB,5,C
indeed,ADV,3,B
independence,NOUN,3,B
independent,ADJ,3,B
index,NOUN,3,B
indicate,VERB,3,B
indication,NOUN,4,B
indicator,NOUN,5,C
indirect,ADJ,3,B
individual,ADJ,3,B
individual,NOUN,3,B
industrial,ADJ,4,B
industry,NOUN,3,B
inequality,NOUN,4,B
inevitable,ADJ,5,C
inevitably,ADV,4,B
infant,NOUN,3,B
infection,NOUN,3,B
inflation,NOUN,4,B
influence,NOUN,3,B
influence,VERB,3,B
influential,ADJ,4,B
inform,VERB,2,A
informal,ADJ,2,A
information,NOUN,2,A
ingredient,NOUN,3,B
inhabitant,NOUN,4,B
inherent,ADJ,4,B
inherit,VERB,4,B
initial,ADJ,4,B
initially,ADV,4,B
initiate,VERB,4,B
initiative,NOUN,4,B
injure,VERB,2,A
injury,NOUN,2,A
inner,ADJ,3,B
innocent,ADJ,3,B
innovation,NOUN,3,B
input,NOUN,4,B
inquire,VERB,3,B
inquiry,NOUN,4,B
insect,NOUN,3,B
insert,VERB,3,B
inside,ADP,2,A
inside,ADV,2,A
inside,NOUN,2,A
insight,NOUN,3,B
insist,VERB,4,B
inspect,VERB,3,B
inspection,NOUN,5,C
inspire,VERB,3,B
install,VERB,3,B
installation,NOUN,4,B
instance,NOUN,4,B
instantly,ADV,3,B
instead,ADV,3,B
instinct,NOUN,3,B
institute,NOUN,3,B
institution,NOUN,4,B
instruct,VERB,2,A
instruction,NOUN,2,A
instrument,NOUN,1,A
insurance,NOUN,3,B
integrate,VERB,5,C
integration,NOUN,4,B
integrity,NOUN,5,C
intellectual,ADJ,4,B
intelligence,NOUN,3,B
intelligent,ADJ,2,A
intend,VERB,4,B
intense,ADJ,3,B
intensity,NOUN,5,C
intensive,ADJ,4,B
intention,NOUN,4,B
interaction,NOUN,3,B
interest,NOUN,2,A
interested,ADJ,1,A
interesting,ADJ,2,A
interfere,VERB,4,B
interference,NOUN,4,B
interim,ADJ,5,C
interim,NOUN,6,C
interior,NOUN,3,B
internal,ADJ,4,B
international,ADJ,2,A
interpret,VERB,3,B
interpretation,NOUN,4,B
interrupt,VERB,4,B
interval,NOUN,5,C
intervene,VERB,4,B
intervention,NOUN,4,B
interview,NOUN,3,B
interview,VERB,2,A
into,ADP,2,A
introduce,VERB,2,A
introduction,NOUN,2,A
invariably,ADV,5,C
invasion,NOUN,4,B
invent,VERB,2,A
invest,VERB,3,B
investigate,VERB,3,B
investigation,NOUN,4,B
investment,NOUN,4,B
investor,NOUN,3,B
invitation,NOUN,3,B
invite,VERB,2,A
involve,VERB,3,B
involvement,NOUN,4,B
iron,NOUN,2,A
ironically,ADV,4,B
irregular,ADJ,2,A
isolated,ADJ,3,B
isolation,NOUN,4,B
issue,NOUN,3,B
issue,VERB,4,B
it,PRON,1,A
item,NOUN,3,B
itself,PRON,2,A
jacket,NOUN,1,A
jaw,NOUN,2,A
jealousy,NOUN,3,B
jet,NOUN,1,A
job,NOUN,1,A
join,VERB,3,B
joint,ADJ,3,B
joke,NOUN,1,A
journal,NOUN,3,B
journalist,NOUN,3,B
journey,NOUN,2,A
joy,NOUN,2,A
judge,NOUN,3,B
judge,VERB,2,A
judgment,NOUN,4,B
juice,NOUN,1,A
jump,VERB,1,A
junior,ADJ,1,A
jury,NOUN,3,B
just,ADJ,2,A
just,ADV,2,A
justification,NOUN,5,C
justify,VERB,4,B
keen,ADJ,3,B
keep,VERB,2,A
keeper,NOUN,3,B
key,ADJ,1,A
key,NOUN,1,A
kick,NOUN,2,A
kick,VERB,3,B
kid,NOUN,2,A
kill,VERB,1,A
killer,NOUN,2,A
killing,NOUN,3,B
kind,ADJ,1,A
kind,NOUN,2,A
kingdom,NOUN,2,A
kiss,NOUN,2,A
kiss,VERB,1,A
kit,NOUN,2,A
kitchen,NOUN,1,A
knee,NOUN,2,A
knife,NOUN,1,A
knit,VERB,2,A
knock,VERB,3,B
know,VERB,2,A
knowledge,NOUN,3,B
known,ADJ,3,B
label,NOUN,3,B
label,VERB,3,B
laboratory,NOUN,2,A
labour,ADJ,2,A
labour,NOUN,3,B
lack,NOUN,4,B
lack,VERB,3,B
lad,NOUN,5,C
ladder,NOUN,2,A
lady,NOUN,1,A
lamb,NOUN,2,A
lamp,NOUN,1,A
land,NOUN,3,B
land,VERB,2,A
landing,NOUN,4,B
landlord,NOUN,3,B
landscape,NOUN,3,B
language,NOUN,1,A
large,ADJ,1,A
largely,ADV,2,A
last,VERB,2,A
late,ADJ,2,A
late,ADV,2,A
later,ADV,2,A
laugh,NOUN,2,A
laugh,VERB,1,A
laughter,NOUN,1,A
launch,NOUN,3,B
launch,VERB,4,B
law,NOUN,1,A
lawyer,NOUN,1,A
layer,NOUN,2,A
lead,NOUN,3,B
lead,VERB,3,B
leadership,NOUN,4,B
leading,ADJ,3,B
leaf,NOUN,2,A
leaflet,NOUN,3,B
league,NOUN,3,B
leap,VERB,4,B
learn,VERB,2,A
learning,NOUN,1,A
least,ADV,2,A
leather,NOUN,3,B
leave,NOUN,2,A
leave,VERB,2,A
lecture,NOUN,3,B
left,ADJ,1,A
left,NOUN,2,A
leg,NOUN,1,A
legal,ADJ,2,A
legend,NOUN,3,B
legislation,NOUN,4,B
legitimate,ADJ,4,B
leisure,NOUN,2,A
lend,VERB,3,B
length,NOUN,3,B
less,ADV,2,A
lesson,NOUN,1,A
let,VERB,1,A
letter,NOUN,2,A
level,ADJ,2,A
level,NOUN,2,A
liability,NOUN,5,C
liable,ADJ,4,B
liberal,ADJ,3,B
liberation,NOUN,3,B
liberty,NOUN,3,B
library,NOUN,1,A
licence,NOUN,2,A
lie,NOUN,2,A
lie,VERB,2,A
life,NOUN,1,A
lifespan,NOUN,3,B
lifetime,NOUN,1,A
lift,NOUN,3,B
lift,VERB,3,B
light,ADJ,1,A
light,NOUN,1,A
light,VERB,2,A
lighting,NOUN,3,B
lightly,ADV,3,B
like,ADJ,2,A
like,ADP,1,A
like,VERB,1,A
likely,ADJ,3,B
limit,NOUN,2,A
limit,VERB,2,A
limitation,NOUN,4,B
limited,ADJ,3,B
line,NOUN,1,A
line,VERB,2,A
linen,NOUN,4,B
linguistic,ADJ,4,B
link,NOUN,3,B
link,VERB,2,A
lion,NOUN,1,A
lip,NOUN,2,A
liquid,NOUN,2,A
list,NOUN,2,A
list,VERB,3,B
listen,VERB,1,A
literally,ADV,4,B
literary,ADJ,4,B
literature,NOUN,3,B
little,ADJ,2,A
little,ADV,1,A
live,ADJ,2,A
live,VERB,1,A
lively,ADJ,2,A
loan,NOUN,4,B
local,ADJ,2,A
local,NOUN,3,B
location,NOUN,2,A
lock,NOUN,3,B
lock,VERB,3,B
log,NOUN,4,B
logic,NOUN,3,B
lonely,ADJ,2,A
long,ADJ,2,A
long,ADV,2,A
longing,NOUN,4,B
look,NOUN,1,A
look,VERB,1,A
loose,ADJ,2,A
lorry,NOUN,2,A
lose,VERB,2,A
loss,NOUN,4,B
lost,ADJ,2,A
lot,NOUN,2,A
lot,NOUN,2,A
loud,ADJ,2,A
lounge,NOUN,4,B
love,NOUN,1,A
love,VERB,1,A
lovely,ADJ,1,A
lover,NOUN,1,A
low,ADJ,1,A
luck,NOUN,2,A
lucky,ADJ,1,A
lump,NOUN,3,B
lunch,NOUN,1,A
machine,NOUN,2,A
machinery,NOUN,3,B
mad,ADJ,3,B
magazine,NOUN,1,A
magic,ADJ,2,A
magic,NOUN,2,A
magistrate,NOUN,5,C
magnetic,ADJ,4,B
magnificent,ADJ,3,B
mail,NOUN,2,A
main,ADJ,2,A
mainly,ADV,2,A
maintain,VERB,4,B
maintenance,NOUN,4,B
major,ADJ,3,B
majority,NOUN,3,B
make,VERB,1,A
maker,NOUN,1,A
male,ADJ,1,A
male,NOUN,2,A
man,NOUN,1,A
manage,VERB,4,B
management,NOUN,3,B
manager,NOUN,1,A
manner,NOUN,4,B
manual,ADJ,3,B
manual,NOUN,3,B
manufacturer,NOUN,2,A
manufacturing,NOUN,3,B
many,DET,2,A
map,NOUN,2,A
march,VERB,1,A
margin,NOUN,3,B
marginal,ADJ,4,B
mark,NOUN,2,A
mark,VERB,2,A
market,NOUN,1,A
market,VERB,1,A
marketing,NOUN,3,B
marriage,NOUN,3,B
married,ADJ,2,A
marry,VERB,1,A
marvellous,ADJ,2,A
mask,NOUN,2,A
mass,ADJ,3,B
mass,NOUN,3,B
massive,ADJ,4,B
match,NOUN,2,A
match,VERB,3,B
mate,NOUN,3,B
material,NOUN,3,B
materialism,NOUN,4,B
matter,NOUN,3,B
matter,VERB,3,B
mature,ADJ,3,B
maximum,ADJ,3,B
maximum,NOUN,2,A
may,VERB,2,A
may,VERB,2,A
maybe,ADV,1,A
meal,NOUN,2,A
mean,ADJ,2,A
mean,VERB,2,A
meaning,NOUN,2,A
means,NOUN,2,A
meanwhile,ADV,3,B
measure,NOUN,4,B
measure,VERB,3,B
measurement,NOUN,3,B
meat,NOUN,1,A
mechanical,ADJ,3,B
mechanism,NOUN,4,B
medal,NOUN,2,A
medical,ADJ,2,A
medicine,NOUN,2,A
medieval,ADJ,4,B
medium,NOUN,2,A
meet,VERB,1,A
meeting,NOUN,2,A
member,NOUN,2,A
membership,NOUN,2,A
memorial,NOUN,4,B
memory,NOUN,3,B
mend,VERB,3,B
mental,ADJ,3,B
mentally,ADV,3,B
mention,NOUN,2,A
mention,VERB,3,B
menu,NOUN,1,A
merciless,ADJ,3,B
mere,ADJ,4,B
merely,ADV,4,B
merger,NOUN,5,C
merit,NOUN,5,C
mess,NOUN,1,A
message,NOUN,3,B
metal,NOUN,2,A
method,NOUN,2,A
metre,NOUN,2,A
middle,ADJ,2,A
middle,NOUN,1,A
midnight,NOUN,2,A
might,VERB,2,A
mild,ADJ,3,B
mile,NOUN,2,A
military,ADJ,3,B
milk,NOUN,1,A
mind,NOUN,3,B
mind,VERB,4,B
mine,NOUN,1,A
mine,PRON,1,A
miner,NOUN,3,B
minimum,ADJ,2,A
minimum,NOUN,3,B
mining,NOUN,3,B
minister,NOUN,3,B
ministry,NOUN,4,B
minor,ADJ,4,B
minority,NOUN,2,A
minute,NOUN,2,A
miracle,NOUN,3,B
mirror,NOUN,2,A
miserable,ADJ,2,A
misery,NOUN,3,B
mislead,VERB,4,B
miss,VERB,2,A
miss,VERB,2,A
missile,NOUN,3,B
missing,ADJ,3,B
mission,NOUN,3,B
mistake,NOUN,1,A
misty,ADJ,4,B
mix,NOUN,2,A
mix,VERB,2,A
mixture,NOUN,2,A
moan,VERB,4,B
mode,NOUN,3,B
model,NOUN,2,A
modern,ADJ,3,B
modest,ADJ,4,B
modification,NOUN,4,B
modify,VERB,4,B
moment,NOUN,2,A
monetary,ADJ,4,B
money,NOUN,1,A
monitor,VERB,4,B
monopoly,NOUN,4,B
monster,NOUN,2,A
month,NOUN,1,A
monthly,ADJ,2,A
mood,NOUN,3,B
moral,ADJ,3,B
more,ADV,3,B
moreover,ADV,2,A
morning,NOUN,1,A
mortality,NOUN,4,B
most,ADV,2,A
mostly,ADV,3,B
motion,NOUN,3,B
motivation,NOUN,3,B
motive,NOUN,3,B
motor,NOUN,2,A
mount,VERB,2,A
mouse,NOUN,2,A
mouth,NOUN,1,A
move,NOUN,2,A
move,VERB,1,A
movement,NOUN,3,B
movie,NOUN,1,A
much,ADV,1,A
much,DET,2,A
mud,NOUN,2,A
multiple,ADJ,4,B
mum,NOUN,1,A
murder,NOUN,2,A
murder,VERB,2,A
murmur,VERB,4,B
muscle,NOUN,2,A
museum,NOUN,1,A
music,NOUN,1,A
musical,ADJ,2,A
musician,NOUN,1,A
must,VERB,2,A
mutter,VERB,4,B
mutual,ADJ,5,C
mysteriously,ADV,3,B
mystery,NOUN,3,B
myth,NOUN,3,B
naked,ADJ,3,B
name,NOUN,1,A
name,VERB,1,A
namely,ADV,3,B
narrow,ADJ,2,A
nasty,ADJ,3,B
nation,NOUN,2,A
national,ADJ,3,B
native,ADJ,3,B
natural,ADJ,2,A
naturally,ADV,3,B
nature,NOUN,2,A
naval,ADJ,4,B
near,ADJ,1,A
near,ADP,2,A
near,ADV,2,A
nearby,ADJ,3,B
nearly,ADV,3,B
neat,ADJ,2,A
necessary,ADJ,2,A
necessity,NOUN,4,B
neck,NOUN,2,A
need,NOUN,2,A
need,VERB,2,A
need,VERB,2,A
needle,NOUN,4,B
negative,ADJ,2,A
negotiate,VERB,3,B
negotiation,NOUN,5,C
neighbour,NOUN,2,A
neighbourhood,NOUN,1,A
nerve,NOUN,4,B
nervous,ADJ,2,A
nest,NOUN,4,B
net,ADJ,3,B
net,NOUN,3,B
network,NOUN,2,A
networking,NOUN,4,B
neutral,ADJ,3,B
never,ADV,1,A
nevertheless,ADV,3,B
new,ADJ,1,A
news,NOUN,1,A
newspaper,NOUN,1,A
nice,ADJ,1,A
niece,NOUN,1,A
night,NOUN,1,A
nightmare,NOUN,3,B
no,ADV,1,A
no,DET,1,A
no,NOUN,1,A
noise,NOUN,2,A
nonsense,NOUN,3,B
norm,NOUN,4,B
normal,ADJ,2,A
normally,ADV,2,A
north,NOUN,2,A
northern,ADJ,2,A
nose,NOUN,1,A
not,ADV,1,A
notable,ADJ,3,B
notably,ADV,5,C
note,NOUN,2,A
note,VERB,2,A
notice,NOUN,3,B
notice,VERB,3,B
notion,NOUN,3,B
novel,NOUN,2,A
now,ADV,1,A
nowadays,ADV,2,A
nowhere,ADV,2,A
nuclear,ADJ,3,B
number,NOUN,1,A
numerous,ADJ,4,B
nurse,NOUN,1,A
nursery,NOUN,4,B
nut,NOUN,2,A
oak,NOUN,3,B
object,NOUN,2,A
object,VERB,2,A
objection,NOUN,4,B
objective,ADJ,3,B
objective,NOUN,3,B
obligation,NOUN,4,B
observation,NOUN,3,B
observe,VERB,3,B
observer,NOUN,4,B
obsessive,ADJ,4,B
obtain,VERB,3,B
obvious,ADJ,3,B
obviously,ADV,3,B
occasion,NOUN,3,B
occasional,ADJ,3,B
occasionally,ADV,3,B
occupation,NOUN,2,A
occupy,VERB,4,B
occur,VERB,4,B
odd,ADJ,3,B
odds,NOUN,4,B
odour,NOUN,3,B
of,ADP,2,A
off,ADP,2,A
off,ADV,2,A
offender,NOUN,4,B
offer,NOUN,2,A
offer,VERB,3,B
office,NOUN,2,A
official,ADJ,2,A
official,NOUN,3,B
officially,ADV,3,B
often,ADV,2,A
oil,NOUN,2,A
ok,ADV,1,A
old,ADJ,1,A
olive,ADJ,2,A
omit,VERB,3,B
on,ADP,1,A
on,ADV,1,A
once,ADV,3,B
one,NOUN,1,A
one,NOUN,1,A
one,PRON,1,A
only,ADJ,1,A
only,ADV,2,A
onto,ADP,3,B
open,ADJ,1,A
open,VERB,1,A
opening,NOUN,2,A
opera,NOUN,2,A
operate,VERB,2,A
operation,NOUN,2,A
operator,NOUN,3,B
opinion,NOUN,2,A
opponent,NOUN,4,B
opportunity,NOUN,2,A
oppose,VERB,4,B
opposite,ADJ,3,B
opposition,NOUN,4,B
opt,VERB,4,B
option,NOUN,3,B
or,CONJ,1,A
oral,ADJ,3,B
orange,NOUN,1,A
orchestra,NOUN,4,B
orchestral,ADJ,3,B
order,NOUN,2,A
order,VERB,3,B
ordinary,ADJ,3,B
organ,NOUN,2,A
organic,ADJ,3,B
organization,NOUN,2,A
organize,VERB,2,A
origin,NOUN,3,B
original,ADJ,2,A
originally,ADV,3,B
other,ADJ,2,A
otherwise,ADV,3,B
ought,VERB,4,B
ours,PRON,1,A
ourselves,PRON,2,A
out,ADV,2,A
outcome,NOUN,4,B
outer,ADJ,3,B
outline,NOUN,3,B
outline,VERB,3,B
output,NOUN,3,B
outside,ADJ,1,A
outside,ADP,1,A
outside,ADV,1,A
outside,NOUN,1,A
outstanding,ADJ,4,B
oven,NOUN,1,A
over,ADP,1,A
over,ADV,2,A
overcome,VERB,4,B
overlook,VERB,3,B
overseas,ADJ,3,B
owe,VERB,3,B
owl,NOUN,2,A
own,VERB,3,B
owner,NOUN,2,A
ownership,NOUN,4,B
oxygen,NOUN,3,B
pack,NOUN,4,B
pack,VERB,3,B
packet,NOUN,2,A
page,NOUN,1,A
pain,NOUN,2,A
painful,ADJ,3,B
paint,NOUN,2,A
paint,VERB,1,A
painter,NOUN,1,A
painting,NOUN,2,A
pair,NOUN,2,A
palace,NOUN,2,A
palm,NOUN,3,B
pan,NOUN,2,A
panel,NOUN,4,B
paper,NOUN,1,A
paragraph,NOUN,2,A
parallel,ADJ,3,B
parallel,VERB,3,B
pardon,NOUN,2,A
parent,NOUN,1,A
park,NOUN,1,A
park,VERB,2,A
parking,NOUN,2,A
part,NOUN,1,A
participant,NOUN,3,B
particle,NOUN,4,B
particular,ADJ,4,B
particularly,ADV,3,B
partly,ADV,4,B
partner,NOUN,2,A
party,NOUN,1,A
pass,NOUN,1,A
pass,VERB,2,A
passage,NOUN,3,B
passenger,NOUN,2,A
passion,NOUN,3,B
past,ADJ,2,A
past,ADP,1,A
past,ADV,2,A
past,NOUN,1,A
patch,NOUN,4,B
path,NOUN,2,A
patient,NOUN,3,B
pattern,NOUN,3,B
pause,NOUN,3,B
pause,VERB,2,A
pavement,NOUN,2,A
pay,NOUN,2,A
pay,VERB,2,A
payable,ADJ,4,B
payment,NOUN,4,B
pc,NOUN,1,A
peace,NOUN,3,B
peaceful,ADJ,3,B
peak,NOUN,4,B
pear,NOUN,2,A
peasant,NOUN,2,A
peculiar,ADJ,4,B
peer,VERB,3,B
pen,NOUN,1,A
penalty,NOUN,4,B
penny,NOUN,2,A
pension,NOUN,3,B
pensioner,NOUN,4,B
people,NOUN,1,A
per,ADP,3,B
perceive,VERB,5,C
percent,NOUN,2,A
percentage,NOUN,4,B
perception,NOUN,4,B
perfect,ADJ,2,A
perfectly,ADV,2,A
perform,VERB,3,B
performance,NOUN,3,B
perhaps,ADV,3,B
period,NOUN,2,A
permanent,ADJ,3,B
permission,NOUN,2,A
permit,VERB,4,B
persist,VERB,3,B
person,NOUN,1,A
personal,ADJ,3,B
personality,NOUN,2,A
personally,ADV,4,B
personnel,NOUN,4,B
perspective,NOUN,4,B
persuade,VERB,4,B
pessimistic,ADJ,2,A
pet,NOUN,2,A
petrol,NOUN,1,A
phase,NOUN,3,B
phenomenon,NOUN,4,B
philosophy,NOUN,3,B
phone,NOUN,1,A
phone,VERB,2,A
photo,NOUN,2,A
photograph,NOUN,1,A
photographer,NOUN,1,A
phrase,NOUN,3,B
physical,ADJ,3,B
physically,ADV,3,B
physics,NOUN,2,A
piano,NOUN,1,A
pick,VERB,2,A
pick,VERB,2,A
picture,NOUN,1,A
pie,NOUN,1,A
piece,NOUN,3,B
pig,NOUN,1,A
pile,NOUN,3,B
pill,NOUN,2,A
pilot,NOUN,2,A
pink,ADJ,1,A
pink,NOUN,1,A
pint,NOUN,4,B
pipe,NOUN,2,A
pit,NOUN,5,C
pity,NOUN,3,B
place,VERB,2,A
plain,ADJ,3,B
plain,NOUN,4,B
plan,NOUN,1,A
plan,VERB,1,A
plane,NOUN,2,A
planet,NOUN,2,A
planning,NOUN,3,B
plant,NOUN,2,A
plant,VERB,2,A
plastic,NOUN,2,A
plate,NOUN,2,A
platform,NOUN,3,B
play,NOUN,1,A
play,VERB,1,A
player,NOUN,2,A
plea,NOUN,4,B
plead,VERB,5,C
pleasant,ADJ,2,A
please,VERB,2,A
pleased,ADJ,3,B
pleasure,NOUN,3,B
plot,NOUN,4,B
plus,ADP,2,A
pocket,NOUN,1,A
poem,NOUN,2,A
poet,NOUN,3,B
poetry,NOUN,3,B
point,NOUN,3,B
point,VERB,3,B
pole,NOUN,3,B
police,NOUN,1,A
policeman,NOUN,1,A
policy,NOUN,3,B
polite,ADJ,1,A
political,ADJ,3,B
politician,NOUN,2,A
politics,NOUN,2,A
pollution,NOUN,2,A
pond,NOUN,3,B
pool,NOUN,1,A
poor,ADJ,1,A
pop,NOUN,2,A
pop,VERB,2,A
popular,ADJ,2,A
population,NOUN,3,B
port,NOUN,3,B
portion,NOUN,3,B
portrait,NOUN,3,B
pose,VERB,4,B
position,NOUN,3,B
positive,ADJ,2,A
possess,VERB,3,B
possession,NOUN,3,B
possibility,NOUN,3,B
possible,ADJ,2,A
possibly,ADV,3,B
post,NOUN,2,A
poster,NOUN,3,B
pot,NOUN,3,B
potato,NOUN,1,A
potential,ADJ,3,B
potential,NOUN,3,B
potentially,ADV,3,B
pound,NOUN,3,B
pour,VERB,2,A
poverty,NOUN,3,B
powder,NOUN,3,B
power,NOUN,2,A
powerful,ADJ,3,B
practical,ADJ,4,B
practice,NOUN,2,A
practise,VERB,2,A
practitioner,NOUN,4,B
praise,VERB,3,B
pray,VERB,2,A
prayer,NOUN,2,A
precede,VERB,4,B
precious,ADJ,4,B
precise,ADJ,4,B
precisely,ADV,5,C
predecessor,NOUN,6,C
predict,VERB,3,B
prediction,NOUN,3,B
prefer,VERB,3,B
preference,NOUN,3,B
pregnancy,NOUN,3,B
pregnant,ADJ,3,B
prejudice,NOUN,3,B
preliminary,ADJ,5,C
premium,NOUN,4,B
preparation,NOUN,3,B
prepare,VERB,2,A
prepared,ADJ,4,B
prescription,NOUN,4,B
presence,NOUN,4,B
present,ADJ,2,A
present,NOUN,2,A
present,VERB,2,A
presentation,NOUN,3,B
preserve,VERB,3,B
presidential,ADJ,4,B
press,NOUN,2,A
press,VERB,3,B
pressure,NOUN,3,B
presumably,ADV,4,B
pretend,VERB,3,B
pretty,ADJ,2,A
pretty,ADV,1,A
prevent,VERB,3,B
prevention,NOUN,4,B
previous,ADJ,3,B
previously,ADV,3,B
prey,NOUN,3,B
price,NOUN,2,A
price,VERB,1,A
pride,NOUN,3,B
priest,NOUN,2,A
primarily,ADV,3,B
primary,ADJ,3,B
primary,NOUN,2,A
prime,ADJ,3,B
primitive,ADJ,4,B
principal,ADJ,3,B
principle,NOUN,4,B
print,NOUN,2,A
print,VERB,2,A
printer,NOUN,1,A
priority,NOUN,4,B
prison,NOUN,2,A
prisoner,NOUN,3,B
private,ADJ,3,B
privilege,NOUN,4,B
prize,NOUN,2,A
probability,NOUN,4,B
probably,ADV,2,A
problem,NOUN,1,A
procedure,NOUN,2,A
proceed,VERB,4,B
process,NOUN,3,B
process,VERB,3,B
produce,VERB,2,A
producer,NOUN,3,B
product,NOUN,3,B
production,NOUN,3,B
productivity,NOUN,3,B
profession,NOUN,2,A
professional,ADJ,2,A
professional,NOUN,3,B
profile,NOUN,2,A
profit,NOUN,3,B
profitable,ADJ,3,B
profound,ADJ,4,B
profoundly,ADV,5,C
program,NOUN,1,A
programme,NOUN,2,A
progress,NOUN,2,A
progress,VERB,3,B
progressive,ADJ,5,C
prohibit,VERB,4,B
project,NOUN,2,A
prominent,ADJ,4,B
promise,NOUN,2,A
promise,VERB,2,A
promote,VERB,3,B
promotion,NOUN,3,B
prompt,VERB,3,B
promptly,ADV,4,B
proof,NOUN,3,B
proper,ADJ,4,B
properly,ADV,3,B
property,NOUN,3,B
proportion,NOUN,4,B
proposal,NOUN,4,B
propose,VERB,3,B
proposed,ADJ,4,B
proposition,NOUN,5,C
prosecution,NOUN,5,C
prospect,NOUN,3,B
protect,VERB,2,A
protection,NOUN,3,B
protein,NOUN,4,B
protest,NOUN,2,A
protest,VERB,2,A
proud,ADJ,2,A
prove,VERB,3,B
provide,VERB,3,B
province,NOUN,4,B
provincial,ADJ,5,C
provision,NOUN,4,B
provoke,VERB,4,B
psychological,ADJ,3,B
psychologist,NOUN,2,A
psychology,NOUN,2,A
pub,NOUN,3,B
public,ADJ,2,A
public,ADJ,2,A
public,ADJ,2,A
publication,NOUN,3,B
publicity,NOUN,5,C
publicly,ADV,3,B
publish,VERB,3,B
publisher,NOUN,2,A
pull,VERB,2,A
pulse,NOUN,3,B
pump,NOUN,4,B
punishment,NOUN,3,B
pupil,NOUN,1,A
purchase,NOUN,3,B
purchase,VERB,4,B
pure,ADJ,3,B
purely,ADV,3,B
purpose,NOUN,3,B
pursue,VERB,4,B
pursuit,NOUN,5,C
push,VERB,2,A
put,VERB,2,A
qualification,NOUN,4,B
qualified,ADJ,3,B
quality,NOUN,3,B
quantity,NOUN,3,B
quarter,NOUN,3,B
quest,NOUN,4,B
question,NOUN,1,A
question,VERB,1,A
questionnaire,NOUN,4,B
quick,ADJ,2,A
quickly,ADV,2,A
quiet,ADJ,2,A
quietly,ADV,2,A
quite,ADV,3,B
quote,VERB,3,B
rabbit,NOUN,1,A
race,NOUN,2,A
racist,ADJ,3,B
radiation,NOUN,3,B
radical,ADJ,3,B
radio,NOUN,1,A
raid,NOUN,4,B
rail,NOUN,3,B
railway,NOUN,1,A
rain,NOUN,1,A
raise,VERB,3,B
rally,NOUN,3,B
random,ADJ,3,B
range,NOUN,3,B
range,VERB,4,B
rank,NOUN,4,B
rare,ADJ,3,B
rarely,ADV,3,B
rat,NOUN,2,A
rate,NOUN,3,B
rather,ADV,3,B
rating,NOUN,3,B
ratio,NOUN,4,B
rational,ADJ,4,B
raw,ADJ,2,A
reach,NOUN,3,B
reach,VERB,2,A
react,VERB,3,B
read,VERB,1,A
reader,NOUN,3,B
readership,NOUN,3,B
reading,NOUN,1,A
ready,ADJ,2,A
real,ADJ,2,A
realistic,ADJ,3,B
realistically,ADV,3,B
realize,VERB,3,B
really,ADV,2,A
realm,NOUN,6,C
reason,NOUN,3,B
reasonable,ADJ,3,B
receipt,NOUN,2,A
receive,VERB,2,A
recent,ADJ,3,B
recently,ADV,3,B
reception,NOUN,3,B
recipe,NOUN,3,B
recognition,NOUN,4,B
recognize,VERB,3,B
recollection,NOUN,4,B
recommend,VERB,3,B
record,NOUN,2,A
record,VERB,3,B
recording,NOUN,3,B
recover,VERB,4,B
recovery,NOUN,3,B
recruit,VERB,5,C
recruitment,NOUN,4,B
red,ADJ,1,A
red,NOUN,1,A
reduce,VERB,4,B
redundancy,NOUN,4,B
refer,VERB,3,B
reference,NOUN,3,B
referendum,NOUN,4,B
reflect,VERB,3,B
reflection,NOUN,3,B
reform,NOUN,4,B
refusal,NOUN,3,B
refuse,VERB,3,B
regard,NOUN,4,B
regard,VERB,4,B
regardless,ADV,4,B
regime,NOUN,4,B
region,NOUN,3,B
register,NOUN,3,B
register,VERB,3,B
registration,NOUN,3,B
regret,VERB,3,B
regular,ADJ,2,A
regularly,ADV,3,B
regulate,VERB,4,B
regulation,NOUN,4,B
reign,NOUN,4,B
reinforce,VERB,5,C
rejection,NOUN,4,B
relate,VERB,4,B
relation,NOUN,3,B
relationship,NOUN,3,B
relative,ADJ,2,A
relative,NOUN,2,A
relax,VERB,2,A
release,NOUN,3,B
release,VERB,3,B
relevance,NOUN,4,B
reliable,ADJ,4,B
relief,NOUN,4,B
relieve,VERB,3,B
religion,NOUN,2,A
religious,ADJ,3,B
relish,VERB,5,C
reluctant,ADJ,4,B
remain,VERB,3,B
remarkably,ADV,4,B
remember,VERB,1,A
remind,VERB,3,B
remote,ADJ,4,B
remove,VERB,3,B
render,VERB,5,C
rent,NOUN,2,A
repair,NOUN,3,B
repair,VERB,2,A
repeat,VERB,2,A
replace,VERB,3,B
replacement,NOUN,4,B
reply,NOUN,2,A
reply,VERB,2,A
report,NOUN,2,A
report,VERB,3,B
reportedly,ADV,5,C
reporter,NOUN,2,A
represent,VERB,3,B
representation,NOUN,4,B
reproach,VERB,4,B
reproduce,VERB,4,B
republic,NOUN,3,B
request,NOUN,3,B
request,VERB,3,B
require,VERB,3,B
rescue,NOUN,3,B
rescue,VERB,3,B
research,NOUN,3,B
research,VERB,3,B
researcher,NOUN,3,B
resemble,VERB,4,B
reservation,NOUN,3,B
reserve,NOUN,4,B
reserve,VERB,3,B
residence,NOUN,4,B
resident,NOUN,2,A
residential,ADJ,4,B
resignation,NOUN,4,B
resist,VERB,4,B
resistance,NOUN,4,B
resolution,NOUN,4,B
resolve,VERB,4,B
resort,NOUN,4,B
respect,NOUN,3,B
respect,VERB,3,B
respective,ADJ,4,B
respectively,ADV,4,B
respond,VERB,3,B
response,NOUN,3,B
responsibility,NOUN,3,B
responsible,ADJ,3,B
rest,NOUN,2,A
rest,VERB,2,A
restaurant,NOUN,2,A
restore,VERB,4,B
restraint,NOUN,5,C
restrict,VERB,4,B
restriction,NOUN,4,B
restructure,VERB,4,B
result,NOUN,2,A
result,VERB,3,B
resume,VERB,4,B
retail,ADJ,4,B
retain,VERB,4,B
retire,VERB,3,B
retrieve,VERB,4,B
return,NOUN,3,B
return,VERB,2,A
reveal,VERB,3,B
revenue,NOUN,5,C
reverse,NOUN,3,B
reverse,VERB,4,B
review,NOUN,4,B
review,VERB,4,B
revolt,NOUN,4,B
reward,NOUN,3,B
reward,VERB,3,B
ribbon,NOUN,3,B
rice,NOUN,2,A
rich,ADJ,1,A
riches,NOUN,2,A
ride,NOUN,3,B
ride,VERB,1,A
rider,NOUN,1,A
right,ADJ,1,A
right,ADV,2,A
right,NOUN,1,A
ring,NOUN,1,A
ring,VERB,2,A
riot,NOUN,4,B
rise,NOUN,3,B
rise,VERB,2,A
risk,NOUN,3,B
risk,VERB,3,B
rival,NOUN,3,B
rivalry,NOUN,4,B
rock,NOUN,1,A
role,NOUN,3,B
roll,NOUN,3,B
roll,VERB,3,B
romantic,ADJ,2,A
roof,NOUN,2,A
room,NOUN,1,A
rose,NOUN,1,A
rough,ADJ,3,B
roughly,ADV,4,B
round,ADJ,2,A
round,ADP,2,A
round,ADV,2,A
round,NOUN,2,A
round,VERB,2,A
route,NOUN,4,B
routine,ADJ,2,A
routine,NOUN,3,B
royal,ADJ,2,A
rub,VERB,4,B
rubbish,NOUN,2,A
rugby,NOUN,2,A
rule,NOUN,3,B
rule,VERB,2,A
ruler,NOUN,2,A
ruling,ADJ,3,B
run,NOUN,2,A
run,VERB,1,A
runner,NOUN,2,A
running,NOUN,2,A
rural,ADJ,3,B
rush,VERB,2,A
sad,ADJ,1,A
sadly,ADV,2,A
safe,ADJ,2,A
safely,ADV,2,A
safety,NOUN,3,B
sail,VERB,2,A
saint,NOUN,3,B
salary,NOUN,2,A
sale,NOUN,2,A
sales,NOUN,2,A
salesman,NOUN,2,A
salesperson,NOUN,2,A
salt,NOUN,2,A
sample,NOUN,3,B
sanction,NOUN,5,C
sand,NOUN,2,A
sandwich,NOUN,1,A
sane,ADJ,3,B
satellite,NOUN,3,B
satisfaction,NOUN,3,B
satisfactory,ADJ,3,B
satisfied,ADJ,3,B
satisfy,VERB,3,B
sauce,NOUN,2,A
saucepan,NOUN,2,A
save,VERB,1,A
saving,NOUN,3,B
say,VERB,2,A
scale,NOUN,2,A
scandal,NOUN,3,B
scarcely,ADV,4,B
scene,NOUN,3,B
sceptical,ADJ,4,B
schedule,NOUN,2,A
schedule,VERB,3,B
scheme,NOUN,4,B
scholar,NOUN,4,B
school,NOUN,1,A
science,NOUN,2,A
scientific,ADJ,4,B
scientist,NOUN,2,A
scope,NOUN,3,B
score,NOUN,2,A
score,VERB,3,B
scream,VERB,2,A
screen,NOUN,2,A
script,NOUN,4,B
sculpture,NOUN,3,B
seal,NOUN,3,B
seal,VERB,4,B
search,NOUN,2,A
search,VERB,2,A
season,NOUN,1,A
seat,NOUN,1,A
second,NOUN,1,A
second,NOUN,1,A
secondary,ADJ,1,A
secondly,ADV,2,A
secret,ADJ,3,B
secret,NOUN,2,A
secretary,NOUN,2,A
section,NOUN,3,B
sector,NOUN,3,B
secure,ADJ,3,B
secure,VERB,3,B
security,NOUN,3,B
see,VERB,1,A
seed,NOUN,3,B
seek,VERB,4,B
seem,VERB,3,B
seize,VERB,3,B
seldom,ADV,3,B
select,VERB,2,A
selection,NOUN,3,B
self,NOUN,2,A
selfish,ADJ,2,A
selfishness,NOUN,4,B
sell,VERB,1,A
seller,NOUN,2,A
seminar,NOUN,2,A
send,VERB,1,A
senior,ADJ,2,A
sensation,NOUN,4,B
sense,NOUN,3,B
sense,VERB,3,B
sensible,ADJ,3,B
sensitive,ADJ,3,B
sensitivity,NOUN,3,B
sentence,NOUN,1,A
separate,ADJ,2,A
separate,VERB,4,B
separately,ADV,4,B
separation,NOUN,4,B
sequence,NOUN,5,C
series,NOUN,3,B
serious,ADJ,3,B
seriously,ADV,3,B
servant,NOUN,3,B
serve,VERB,2,A
server,NOUN,3,B
service,NOUN,3,B
session,NOUN,3,B
set,VERB,3,B
set,VERB,3,B
set,VERB,3,B
setting,NOUN,3,B
settle,VERB,3,B
settlement,NOUN,4,B
severe,ADJ,3,B
severely,ADV,3,B
sex,NOUN,1,A
sexual,ADJ,3,B
shade,NOUN,3,B
shadow,VERB,3,B
shake,VERB,3,B
shall,VERB,2,A
shallow,ADJ,3,B
shame,NOUN,3,B
shampoo,NOUN,1,A
shape,NOUN,2,A
shape,VERB,1,A
share,NOUN,1,A
share,VERB,2,A
sharp,ADJ,1,A
sharply,ADV,3,B
she,PRON,1,A
sheep,NOUN,1,A
sheer,ADJ,4,B
sheet,NOUN,2,A
shelf,NOUN,2,A
shell,NOUN,2,A
shelter,NOUN,3,B
shield,NOUN,4,B
shift,NOUN,3,B
shift,VERB,3,B
shine,VERB,3,B
ship,NOUN,2,A
ship,VERB,2,A
shirt,NOUN,1,A
shock,NOUN,3,B
shocked,ADJ,3,B
shoe,NOUN,1,A
shoot,VERB,2,A
shop,NOUN,1,A
shop,VERB,1,A
shopping,NOUN,1,A
shore,NOUN,2,A
short,ADJ,1,A
shortage,NOUN,3,B
shortly,ADV,2,A
shot,NOUN,2,A
should,VERB,2,A
shoulder,NOUN,2,A
shout,VERB,3,B
show,NOUN,2,A
show,VERB,2,A
shower,NOUN,1,A
shrug,VERB,4,B
shut,VERB,2,A
sick,ADJ,1,A
side,NOUN,2,A
sigh,VERB,3,B
sight,NOUN,2,A
sign,NOUN,2,A
sign,VERB,2,A
signal,NOUN,3,B
signal,VERB,2,A
signature,NOUN,2,A
significance,NOUN,3,B
significant,ADJ,3,B
silence,NOUN,3,B
silent,ADJ,2,A
silk,NOUN,3,B
silly,ADJ,1,A
silver,NOUN,2,A
similar,ADJ,3,B
similarity,NOUN,3,B
similarly,ADV,3,B
simple,ADJ,2,A
simple,NOUN,1,A
simplification,NOUN,4,B
simply,ADV,2,A
simultaneously,ADV,3,B
sin,NOUN,3,B
sin,VERB,3,B
since,ADP,3,B
since,ADV,2,A
sing,VERB,1,A
singer,NOUN,1,A
single,ADJ,2,A
single,NOUN,1,A
sink,NOUN,2,A
sink,VERB,2,A
siren,NOUN,3,B
sit,VERB,1,A
site,NOUN,2,A
situation,NOUN,2,A
size,NOUN,1,A
skill,NOUN,2,A
skilled,ADJ,2,A
skin,NOUN,2,A
skirt,NOUN,1,A
sky,NOUN,2,A
slave,NOUN,3,B
sleep,NOUN,1,A
sleep,VERB,1,A
sleeve,NOUN,3,B
slice,NOUN,2,A
slight,ADJ,2,A
slightly,ADV,4,B
slip,VERB,2,A
slope,NOUN,4,B
slow,ADJ,1,A
slow,VERB,1,A
slowly,ADV,1,A
small,ADJ,1,A
smart,ADJ,1,A
smash,VERB,4,B
smell,NOUN,1,A
smell,VERB,2,A
smile,NOUN,1,A
smile,VERB,1,A
smoke,NOUN,2,A
smoke,VERB,1,A
smooth,ADJ,3,B
snake,NOUN,2,A
snap,VERB,3,B
snow,NOUN,1,A
so,ADV,2,A
so,CONJ,2,A
soap,NOUN,1,A
soar,VERB,5,C
social,ADJ,2,A
socialism,NOUN,4,B
socialist,ADJ,4,B
society,NOUN,3,B
soft,ADJ,2,A
softly,ADV,2,A
software,NOUN,2,A
soil,NOUN,3,B
soldier,NOUN,2,A
sole,ADJ,4,B
solely,ADV,4,B
solicitor,NOUN,4,B
solid,ADJ,3,B
solution,NOUN,3,B
solve,VERB,3,B
some,DET,1,A
somehow,ADV,4,B
sometimes,ADV,1,A
somewhat,ADV,3,B
somewhere,ADV,2,A
son,NOUN,1,A
song,NOUN,1,A
soon,ADV,2,A
sophisticated,ADJ,4,B
sore,ADJ,3,B
sorry,ADJ,1,A
sort,NOUN,3,B
sort,VERB,3,B
soul,NOUN,3,B
sound,NOUN,3,B
sound,VERB,2,A
soundtrack,NOUN,3,B
soup,NOUN,1,A
source,NOUN,3,B
south,NOUN,1,A
southern,ADJ,2,A
sow,VERB,3,B
space,NOUN,2,A
spare,ADJ,2,A
spare,VERB,2,A
spark,NOUN,4,B
speak,VERB,1,A
speaker,NOUN,2,A
special,ADJ,2,A
specialist,NOUN,3,B
specially,ADV,3,B
species,NOUN,3,B
specific,ADJ,3,B
specifically,ADV,3,B
specification,NOUN,4,B
specify,VERB,3,B
specimen,NOUN,4,B
spectacular,ADJ,3,B
spectrum,NOUN,5,C
speculation,NOUN,4,B
speech,NOUN,4,B
speed,NOUN,2,A
speed,VERB,3,B
spell,NOUN,2,A
spell,VERB,2,A
spend,VERB,2,A
spending,NOUN,2,A
sphere,NOUN,4,B
spin,VERB,4,B
spine,NOUN,4,B
spirit,NOUN,4,B
spiritual,ADJ,3,B
splendid,ADJ,3,B
split,VERB,3,B
spoil,VERB,3,B
spokesman,NOUN,5,C
sponsor,VERB,3,B
sport,NOUN,1,A
spot,NOUN,3,B
spot,VERB,4,B
spray,NOUN,2,A
spread,NOUN,4,B
spread,VERB,3,B
spring,NOUN,1,A
spring,VERB,1,A
squad,NOUN,4,B
square,ADJ,2,A
squash,VERB,2,A
squeeze,VERB,3,B
stab,NOUN,3,B
stability,NOUN,5,C
stable,ADJ,5,C
staff,NOUN,3,B
stage,NOUN,3,B
stage,VERB,3,B
staggering,ADJ,5,C
stairs,NOUN,2,A
stall,VERB,4,B
stamp,NOUN,2,A
stance,NOUN,5,C
stand,NOUN,2,A
stand,VERB,1,A
standard,ADJ,2,A
standard,NOUN,3,B
star,NOUN,1,A
stare,VERB,3,B
start,NOUN,1,A
start,VERB,1,A
starve,VERB,4,B
state,NOUN,2,A
state,VERB,4,B
statement,NOUN,4,B
station,NOUN,2,A
statistic,NOUN,4,B
statistical,ADJ,4,B
statistics,NOUN,3,B
status,NOUN,3,B
stay,NOUN,2,A
stay,VERB,1,A
steadily,ADV,4,B
steady,ADJ,4,B
steal,VERB,2,A
steam,NOUN,3,B
steel,NOUN,2,A
steep,ADJ,4,B
step,NOUN,2,A
step,VERB,2,A
stick,NOUN,2,A
stick,VERB,2,A
stiff,ADJ,3,B
still,ADJ,3,B
still,ADV,1,A
stimulate,VERB,4,B
stimulus,NOUN,5,C
stir,VERB,3,B
stitch,NOUN,4,B
stock,NOUN,4,B
stock,VERB,3,B
stomach,NOUN,2,A
stone,NOUN,2,A
stop,NOUN,1,A
stop,VERB,1,A
storage,NOUN,3,B
store,NOUN,1,A
store,VERB,3,B
storm,NOUN,3,B
story,NOUN,1,A
straight,ADJ,2,A
straight,ADV,2,A
straightforward,ADJ,4,B
strain,NOUN,4,B
stranded,ADJ,5,C
strange,ADJ,3,B
stranger,NOUN,2,A
strategic,ADJ,4,B
strategy,NOUN,3,B
straw,NOUN,3,B
stream,NOUN,4,B
strength,NOUN,3,B
strengthen,VERB,3,B
stress,NOUN,3,B
stress,VERB,1,A
stressful,ADJ,2,A
stretch,NOUN,3,B
stretch,VERB,3,B
strict,ADJ,2,A
strictly,ADV,3,B
strike,NOUN,3,B
strike,VERB,4,B
striker,NOUN,5,C
striking,ADJ,4,B
string,NOUN,5,C
strip,NOUN,5,C
strip,VERB,4,B
stroke,NOUN,3,B
strong,ADJ,1,A
strongly,ADV,3,B
structural,ADJ,4,B
structure,NOUN,3,B
struggle,NOUN,3,B
struggle,VERB,3,B
student,NOUN,1,A
studio,NOUN,2,A
study,NOUN,1,A
study,VERB,1,A
stuff,NOUN,3,B
stupid,ADJ,2,A
style,NOUN,2,A
stylish,ADJ,2,A
subject,NOUN,2,A
subject,VERB,1,A
submit,VERB,3,B
subsequent,ADJ,5,C
subsequently,ADV,4,B
subsidy,NOUN,5,C
substance,NOUN,4,B
substantial,ADJ,5,C
substantially,ADV,4,B
subtle,ADJ,4,B
succeed,VERB,3,B
success,NOUN,2,A
successful,ADJ,2,A
successfully,ADV,3,B
successive,ADJ,3,B
successor,NOUN,4,B
such,DET,3,B
suck,VERB,3,B
sudden,ADJ,4,B
suddenly,ADV,2,A
sue,VERB,4,B
sue,VERB,4,B
suffer,VERB,4,B
sufficient,ADJ,3,B
sufficiently,ADV,3,B
sugar,NOUN,1,A
suggest,VERB,3,B
suggestion,NOUN,3,B
suicide,NOUN,4,B
suit,NOUN,2,A
suit,VERB,2,A
suitable,ADJ,3,B
sum,NOUN,3,B
summary,NOUN,3,B
summer,NOUN,1,A
summit,NOUN,5,C
sun,NOUN,1,A
sunshine,NOUN,2,A
superb,ADJ,4,B
superior,ADJ,3,B
supermarket,NOUN,2,A
supervision,NOUN,4,B
supper,NOUN,2,A
supplement,NOUN,4,B
supplier,NOUN,4,B
supply,NOUN,3,B
supply,VERB,3,B
support,NOUN,3,B
support,VERB,3,B
supporter,NOUN,3,B
suppose,VERB,4,B
sure,ADJ,1,A
surely,ADV,3,B
surf,NOUN,2,A
surface,NOUN,3,B
surface,VERB,4,B
surgeon,NOUN,2,A
surgery,NOUN,3,B
surprise,NOUN,2,A
surprised,ADJ,1,A
surprising,ADJ,3,B
surprisingly,ADV,2,A
surround,VERB,4,B
surrounding,ADJ,3,B
survey,NOUN,4,B
survival,NOUN,3,B
survive,VERB,3,B
suspect,VERB,3,B
suspend,VERB,3,B
suspense,NOUN,4,B
suspicion,NOUN,4,B
sustain,VERB,4,B
swallow,VERB,2,A
swear,VERB,4,B
sweep,VERB,3,B
sweet,ADJ,2,A
swim,VERB,1,A
swimming,NOUN,1,A
swing,NOUN,4,B
swing,VERB,2,A
switch,NOUN,3,B
switch,VERB,2,A
sword,NOUN,3,B
symbol,NOUN,1,A
sympathetic,ADJ,3,B
sympathy,NOUN,4,B
symptom,NOUN,3,B
system,NOUN,2,A
systematic,ADJ,5,C
table,NOUN,2,A
tackle,VERB,4,B
tactic,NOUN,4,B
tactless,ADJ,5,C
tail,NOUN,3,B
take,VERB,1,A
takeover,NOUN,4,B
tale,NOUN,3,B
talent,NOUN,3,B
talk,NOUN,1,A
talk,VERB,2,A
tall,ADJ,1,A
tank,NOUN,3,B
tap,NOUN,2,A
tap,VERB,3,B
target,NOUN,3,B
target,VERB,3,B
task,NOUN,2,A
taste,NOUN,2,A
taste,VERB,2,A
tax,NOUN,3,B
taxi,NOUN,1,A
tea,NOUN,1,A
teach,VERB,1,A
teacher,NOUN,1,A
teaching,NOUN,1,A
team,NOUN,2,A
tear,VERB,2,A
technical,ADJ,4,B
technique,NOUN,3,B
technological,ADJ,3,B
technology,NOUN,2,A
teenager,NOUN,1,A
telephone,NOUN,1,A
telephone,VERB,1,A
television,NOUN,1,A
tell,VERB,1,A
temper,NOUN,3,B
temperature,NOUN,3,B
temple,NOUN,2,A
temporary,ADJ,3,B
tenant,NOUN,4,B
tendency,NOUN,4,B
tennis,NOUN,1,A
tension,NOUN,4,B
tent,NOUN,2,A
term,NOUN,2,A
terminal,NOUN,4,B
terrible,ADJ,2,A
territory,NOUN,4,B
terror,NOUN,3,B
test,NOUN,2,A
test,VERB,1,A
text,NOUN,3,B
thank,VERB,1,A
thanks,NOUN,1,A
that,ADV,2,A
that,DET,2,A
the,DET,1,A
the,NOUN,1,A
theatre,NOUN,2,A
theft,NOUN,3,B
theme,NOUN,3,B
themselves,PRON,2,A
then,ADV,2,A
theoretical,ADJ,5,C
theory,NOUN,3,B
therapy,NOUN,3,B
there,DET,1,A
there,DET,1,A
thereafter,ADV,5,C
thereby,ADV,4,B
therefore,ADV,4,B
these,DET,1,A
thesis,NOUN,3,B
they,PRON,1,A
thick,ADJ,3,B
thief,NOUN,3,B
thigh,NOUN,1,A
thin,ADJ,1,A
thing,NOUN,1,A
think,VERB,2,A
thinking,NOUN,2,A
third,NOUN,2,A
this,DET,1,A
thoroughly,ADV,3,B
those,DET,1,A
though,ADV,4,B
thought,NOUN,2,A
thought,VERB,2,A
threat,NOUN,3,B
threaten,VERB,4,B
thriving,ADJ,5,C
throat,NOUN,3,B
through,ADP,2,A
through,ADV,3,B
throughout,ADP,4,B
throw,VERB,2,A
thus,ADV,4,B
ticket,NOUN,2,A
tide,NOUN,4,B
tie,NOUN,2,A
tie,VERB,2,A
tight,ADJ,2,A
tighten,VERB,4,B
tightly,ADV,3,B
till,ADP,2,A
timber,NOUN,3,B
time,NOUN,1,A
timing,NOUN,4,B
tin,NOUN,2,A
tiny,ADJ,1,A
tip,NOUN,3,B
tip,VERB,3,B
tired,ADJ,1,A
tissue,NOUN,3,B
title,NOUN,1,A
to,ADJ,1,A
to,ADJ,1,A
toast,NOUN,1,A
tobacco,NOUN,2,A
today,ADV,2,A
toe,NOUN,2,A
together,ADV,1,A
toilet,NOUN,1,A
tomato,NOUN,1,A
tomorrow,ADV,1,A
ton,NOUN,3,B
tone,NOUN,3,B
tongue,NOUN,2,A
tonight,ADV,1,A
too,ADV,1,A
tool,NOUN,3,B
tooth,NOUN,1,A
top,ADJ,2,A
top,NOUN,1,A
top,VERB,2,A
topic,NOUN,2,A
total,ADJ,2,A
total,NOUN,2,A
totally,ADV,3,B
touch,NOUN,2,A
touch,VERB,1,A
tough,ADJ,2,A
tour,NOUN,1,A
tourism,NOUN,2,A
tourist,NOUN,1,A
tournament,NOUN,3,B
tournament,NOUN,4,B
toward,ADP,3,B
towards,ADP,1,A
tower,NOUN,2,A
toy,NOUN,1,A
trace,NOUN,4,B
trace,VERB,3,B
track,NOUN,2,A
trade,NOUN,3,B
trade,VERB,4,B
trader,NOUN,3,B
tradition,NOUN,3,B
traditional,ADJ,3,B
traditionally,ADV,4,B
traffic,NOUN,1,A
tragedy,NOUN,4,B
trail,NOUN,2,A
train,NOUN,1,A
train,VERB,2,A
trainer,NOUN,2,A
training,NOUN,3,B
transaction,NOUN,5,C
transfer,NOUN,3,B
transfer,VERB,3,B
transform,VERB,4,B
transformation,NOUN,4,B
transition,NOUN,4,B
translate,VERB,3,B
translation,NOUN,3,B
transmission,NOUN,4,B
transport,NOUN,1,A
trap,NOUN,3,B
traumatic,ADJ,4,B
travel,NOUN,2,A
travel,VERB,1,A
traveller,NOUN,3,B
tray,NOUN,1,A
treat,VERB,3,B
treatment,NOUN,4,B
treaty,NOUN,4,B
tree,NOUN,1,A
tremble,VERB,4,B
tremendous,ADJ,3,B
trend,NOUN,3,B
trial,NOUN,4,B
tribute,NOUN,3,B
trick,NOUN,4,B
trip,NOUN,3,B
triumph,NOUN,4,B
trophy,NOUN,4,B
tropical,ADJ,3,B
trouble,NOUN,3,B
trousers,NOUN,2,A
truck,NOUN,1,A
TRUE,ADJ,1,A
truly,ADV,3,B
trumpet,NOUN,2,A
trust,NOUN,3,B
trust,VERB,2,A
truth,NOUN,3,B
try,NOUN,2,A
try,VERB,1,A
tube,NOUN,3,B
tune,NOUN,4,B
tunnel,NOUN,2,A
turbulent,ADJ,5,C
turn,NOUN,1,A
turn,VERB,1,A
turnover,NOUN,4,B
tutor,NOUN,2,A
tv,NOUN,1,A
twice,ADV,2,A
twin,NOUN,3,B
twist,VERB,3,B
type,NOUN,2,A
typical,ADJ,3,B
typically,ADV,3,B
ultimate,ADJ,4,B
ultimately,ADV,4,B
unattractive,ADJ,3,B
uncertain,ADJ,3,B
uncertainty,NOUN,3,B
under,ADP,1,A
under,ADV,2,A
undergo,VERB,5,C
underlying,ADJ,4,B
undermine,VERB,4,B
understand,VERB,1,A
understanding,NOUN,2,A
undertake,VERB,4,B
undertaking,NOUN,5,C
underway,ADV,4,B
unemployed,ADJ,3,B
unemployment,NOUN,3,B
unexpected,ADJ,3,B
unfair,ADJ,2,A
unfamiliar,ADJ,4,B
unfit,ADJ,4,B
unfortunate,ADJ,3,B
unfortunately,ADV,3,B
unhappy,ADJ,1,A
uniform,NOUN,2,A
union,NOUN,3,B
unique,ADJ,3,B
unit,NOUN,3,B
unite,VERB,3,B
united,ADJ,2,A
unity,NOUN,3,B
universal,ADJ,2,A
university,NOUN,2,A
unknown,ADJ,3,B
unlike,ADP,3,B
unlikely,ADJ,4,B
unnecessary,ADJ,3,B
unpack,VERB,2,A
until,ADP,2,A
untouched,ADJ,3,B
unusual,ADJ,2,A
up,ADP,1,A
up,ADV,1,A
update,VERB,3,B
upon,ADP,3,B
upper,ADJ,3,B
upset,ADJ,2,A
upset,VERB,2,A
upstairs,ADV,2,A
upwards,ADV,3,B
urban,ADJ,3,B
urge,NOUN,5,C
urge,VERB,3,B
urgent,ADJ,3,B
use,NOUN,1,A
use,VERB,2,A
useful,ADJ,2,A
user,NOUN,2,A
usual,ADJ,1,A
usually,ADV,2,A
vague,ADJ,5,C
valid,ADJ,3,B
valley,NOUN,3,B
valuable,ADJ,3,B
value,NOUN,3,B
value,VERB,3,B
van,NOUN,2,A
vanish,VERB,3,B
variable,NOUN,4,B
variation,NOUN,4,B
variety,NOUN,4,B
various,ADJ,4,B
vary,VERB,3,B
vast,ADJ,4,B
vegetable,NOUN,1,A
vegetation,NOUN,3,B
vehicle,NOUN,2,A
vein,NOUN,4,B
venture,NOUN,4,B
venue,NOUN,4,B
verbal,ADJ,4,B
verdict,NOUN,4,B
verse,NOUN,5,C
version,NOUN,3,B
vertical,ADJ,4,B
very,ADJ,1,A
very,ADV,1,A
via,ADP,3,B
victim,NOUN,3,B
victory,NOUN,3,B
video,NOUN,2,A
view,NOUN,2,A
view,VERB,3,B
village,NOUN,2,A
violence,NOUN,3,B
violent,ADJ,3,B
virgin,NOUN,3,B
virtually,ADV,4,B
virtue,NOUN,4,B
virus,NOUN,3,B
visible,ADJ,4,B
vision,NOUN,3,B
visit,NOUN,2,A
visit,VERB,1,A
visitor,NOUN,2,A
visual,ADJ,3,B
vital,ADJ,3,B
vocation,NOUN,5,C
voice,NOUN,2,A
voice,VERB,2,A
volleyball,NOUN,2,A
volume,NOUN,3,B
voluntary,ADJ,3,B
volunteer,NOUN,2,A
vote,NOUN,2,A
vote,VERB,2,A
voter,NOUN,3,B
vulnerable,ADJ,4,B
wage,NOUN,2,A
waist,NOUN,2,A
wait,VERB,1,A
wake,VERB,2,A
walk,NOUN,1,A
walk,VERB,2,A
walking,NOUN,1,A
wall,NOUN,1,A
wallet,NOUN,1,A
wander,VERB,3,B
want,NOUN,2,A
want,VERB,1,A
war,NOUN,1,A
ward,NOUN,4,B
warm,ADJ,1,A
warm,VERB,1,A
warmth,NOUN,2,A
warn,VERB,3,B
warning,NOUN,2,A
wash,VERB,1,A
waste,NOUN,2,A
waste,VERB,2,A
watch,NOUN,1,A
watch,VERB,1,A
water,NOUN,1,A
wave,NOUN,2,A
wave,VERB,3,B
way,NOUN,1,A
we,PRON,1,A
we,PRON,1,A
weak,ADJ,2,A
weakness,NOUN,3,B
wealth,NOUN,3,B
wealthy,ADJ,2,A
weapon,NOUN,3,B
wear,VERB,1,A
weather,NOUN,1,A
wedding,NOUN,1,A
week,NOUN,1,A
weekday,NOUN,2,A
weekend,NOUN,1,A
weekly,ADJ,2,A
weigh,VERB,1,A
weight,NOUN,2,A
welcome,ADJ,1,A
welcome,VERB,1,A
welfare,NOUN,5,C
well,ADJ,1,A
well,ADV,1,A
west,NOUN,2,A
western,ADJ,2,A
wet,ADJ,1,A
whale,NOUN,2,A
what,DET,1,A
whatever,DET,2,A
wheel,NOUN,2,A
when,ADV,2,A
whenever,ADV,3,B
where,ADV,2,A
where,ADV,2,A
where,ADV,1,A
wherever,ADV,4,B
whether,CONJ,3,B
which,DET,2,A
while,NOUN,2,A
whisper,VERB,2,A
white,ADJ,1,A
white,NOUN,1,A
who,PRON,1,A
whole,ADJ,3,B
whole,NOUN,3,B
whom,PRON,3,B
why,ADV,1,A
wide,ADJ,2,A
widely,ADV,4,B
widespread,ADJ,4,B
widow,NOUN,2,A
wife,NOUN,2,A
wild,ADJ,3,B
wilderness,NOUN,3,B
wildlife,NOUN,4,B
wildly,ADV,4,B
will,NOUN,2,A
will,VERB,1,A
willing,ADJ,4,B
win,NOUN,1,A
win,VERB,2,A
wind,NOUN,2,A
wind,VERB,2,A
window,NOUN,1,A
wine,NOUN,1,A
winner,NOUN,3,B
winter,NOUN,1,A
wipe,VERB,2,A
wire,NOUN,3,B
wisdom,NOUN,3,B
wise,ADJ,3,B
wish,NOUN,2,A
wish,VERB,3,B
with,ADP,1,A
withdraw,VERB,3,B
withdrawal,NOUN,3,B
within,ADP,3,B
without,ADP,2,A
witness,NOUN,4,B
witness,VERB,3,B
woman,NOUN,1,A
wonder,NOUN,2,A
wonder,VERB,3,B
wonderful,ADJ,2,A
wood,NOUN,2,A
wooden,ADJ,3,B
wool,NOUN,3,B
word,NOUN,1,A
work,NOUN,1,A
work,VERB,1,A
worker,NOUN,1,A
workforce,NOUN,3,B
working,ADJ,1,A
working,NOUN,1,A
workshop,NOUN,3,B
world,NOUN,1,A
worried,ADJ,1,A
worry,NOUN,2,A
worry,VERB,2,A
worship,VERB,3,B
worthless,ADJ,3,B
worthwhile,ADJ,4,B
would,VERB,3,B
wound,NOUN,4,B
wrap,VERB,4,B
wrist,NOUN,3,B
write,VERB,1,A
writer,NOUN,1,A
writing,NOUN,1,A
written,ADJ,3,B
wrong,ADJ,2,A
yard,NOUN,2,A
year,NOUN,1,A
yellow,ADJ,1,A
yesterday,ADV,1,A
yet,ADV,2,A
yield,NOUN,5,C
yield,VERB,4,B
you,PRON,1,A
young,ADJ,1,A
youngster,NOUN,3,B
yours,PRON,2,A
yourself,PRON,1,A
youth,NOUN,3,B
zone,NOUN,2,A
